player_id,Season,Player,Team
1,2008,Mahendra Singh Dhoni,CSK
1,2009,Mahendra Singh Dhoni,CSK
1,2010,Mahendra Singh Dhoni,CSK
1,2011,Mahendra Singh Dhoni,CSK
1,2012,Mahendra Singh Dhoni,CSK
1,2013,Mahendra Singh Dhoni,CSK
1,2014,Mahendra Singh Dhoni,CSK
1,2015,Mahendra Singh Dhoni,CSK
1,2016,Mahendra Singh Dhoni,RPS
1,2017,Mahendra Singh Dhoni,RPS
1,2018,Mahendra Singh Dhoni,CSK
2,2008,Srikkanth Anirudha,CSK
2,2010,Srikkanth Anirudha,CSK
2,2011,Srikkanth Anirudha,CSK
2,2012,Srikkanth Anirudha,CSK
2,2013,Srikkanth Anirudha,CSK
2,2014,Srikkanth Anirudha,SRH
3,2008,Ravichandran Ashwin,CSK
3,2009,Ravichandran Ashwin,CSK
3,2010,Ravichandran Ashwin,CSK
3,2011,Ravichandran Ashwin,CSK
3,2012,Ravichandran Ashwin,CSK
3,2013,Ravichandran Ashwin,CSK
3,2014,Ravichandran Ashwin,CSK
3,2015,Ravichandran Ashwin,CSK
3,2016,Ravichandran Ashwin,RPS
3,2018,Ravichandran Ashwin,KXI
4,2008,Lakshmipathy Balaji,CSK
4,2009,Lakshmipathy Balaji,CSK
4,2010,Lakshmipathy Balaji,CSK
4,2011,Lakshmipathy Balaji,KKR
4,2012,Lakshmipathy Balaji,KKR
4,2013,Lakshmipathy Balaji,KKR
4,2014,Lakshmipathy Balaji,KXI
5,2008,Stephen Fleming,CSK
6,2008,Matthew Hayden,CSK
6,2009,Matthew Hayden,CSK
6,2010,Matthew Hayden,CSK
7,2008,Shadab Jakati,CSK
7,2009,Shadab Jakati,CSK
7,2010,Shadab Jakati,CSK
7,2011,Shadab Jakati,CSK
7,2012,Shadab Jakati,CSK
7,2013,Shadab Jakati,CSK
7,2014,Shadab Jakati,RCB
7,2016,Shadab Jakati,GL
7,2017,Shadab Jakati,GL
8,2008,Viraj Kadbe,CSK
8,2009,Viraj Kadbe,CSK
9,2008,Suresh Kumar,CSK
10,2008,Abhinav Mukund,CSK
10,2011,Abhinav Mukund,CSK
10,2012,Abhinav Mukund,CSK
10,2013,Abhinav Mukund,RCB
11,2008,Makhaya Ntini,CSK
11,2009,Makhaya Ntini,CSK
11,2010,Makhaya Ntini,CSK
12,2008,Parthiv Patel,CSK
12,2009,Parthiv Patel,CSK
12,2010,Parthiv Patel,CSK
12,2011,Parthiv Patel,KTK
12,2012,Parthiv Patel,DC
12,2013,Parthiv Patel,SRH
12,2014,Parthiv Patel,RCB
12,2015,Parthiv Patel,MI
12,2016,Parthiv Patel,MI
12,2017,Parthiv Patel,MI
12,2018,Parthiv Patel,RCB
13,2008,Vidyut Sivaramakrishnan,CSK
14,2008,Palani Amarnath,CSK
14,2009,Palani Amarnath,CSK
15,2008,Arun Karthik,CSK
15,2009,Arun Karthik,CSK
15,2010,Arun Karthik,CSK
15,2011,Arun Karthik,RCB
15,2012,Arun Karthik,RCB
15,2013,Arun Karthik,RCB
16,2008,S Badrinath,CSK
16,2009,S Badrinath,CSK
16,2010,S Badrinath,CSK
16,2011,S Badrinath,CSK
16,2012,S Badrinath,CSK
16,2013,S Badrinath,CSK
16,2015,S Badrinath,RCB
17,2008,Manpreet Gony,CSK
17,2009,Manpreet Gony,CSK
17,2010,Manpreet Gony,CSK
17,2011,Manpreet Gony,DC
17,2012,Manpreet Gony,DC
17,2013,Manpreet Gony,KXI
17,2017,Manpreet Gony,GL
18,2008,Michael Hussey,CSK
18,2010,Michael Hussey,CSK
18,2011,Michael Hussey,CSK
18,2012,Michael Hussey,CSK
18,2013,Michael Hussey,CSK
18,2014,Michael Hussey,MI
18,2015,Michael Hussey,CSK
19,2008,Joginder Sharma,CSK
19,2009,Joginder Sharma,CSK
19,2010,Joginder Sharma,CSK
19,2011,Joginder Sharma,CSK
19,2012,Joginder Sharma,CSK
20,2008,Chamara Kapugedera,CSK
21,2008,Albie Morkel,CSK
21,2009,Albie Morkel,CSK
21,2010,Albie Morkel,CSK
21,2011,Albie Morkel,CSK
21,2012,Albie Morkel,CSK
21,2013,Albie Morkel,CSK
21,2014,Albie Morkel,RCB
21,2015,Albie Morkel,DD
21,2016,Albie Morkel,RPS
22,2008,Muttiah Muralitharan,CSK
22,2009,Muttiah Muralitharan,CSK
22,2010,Muttiah Muralitharan,CSK
22,2011,Muttiah Muralitharan,KTK
22,2012,Muttiah Muralitharan,RCB
22,2013,Muttiah Muralitharan,RCB
22,2014,Muttiah Muralitharan,RCB
23,2008,Jacob Oram,CSK
23,2009,Jacob Oram,CSK
23,2011,Jacob Oram,RR
23,2013,Jacob Oram,MI
24,2008,Suresh Raina,CSK
24,2009,Suresh Raina,CSK
24,2010,Suresh Raina,CSK
24,2011,Suresh Raina,CSK
24,2012,Suresh Raina,CSK
24,2013,Suresh Raina,CSK
24,2014,Suresh Raina,CSK
24,2015,Suresh Raina,CSK
24,2016,Suresh Raina,GL
24,2017,Suresh Raina,GL
24,2018,Suresh Raina,CSK
25,2008,Napoleon Einstein,CSK
26,2008,VVS Laxman,DC
26,2009,VVS Laxman,DC
26,2010,VVS Laxman,DC
26,2011,VVS Laxman,KTK
27,2008,Halhadar Das,DC
27,2009,Halhadar Das,DC
28,2008,Adam Gilchrist,DC
28,2009,Adam Gilchrist,DC
28,2010,Adam Gilchrist,DC
28,2011,Adam Gilchrist,KXI
28,2012,Adam Gilchrist,KXI
28,2013,Adam Gilchrist,KXI
29,2008,Pragyan Ojha,DC
29,2009,Pragyan Ojha,DC
29,2010,Pragyan Ojha,DC
29,2011,Pragyan Ojha,DC
29,2012,Pragyan Ojha,MI
29,2013,Pragyan Ojha,MI
29,2014,Pragyan Ojha,MI
29,2015,Pragyan Ojha,MI
30,2008,Rohit Sharma,DC
30,2009,Rohit Sharma,DC
30,2010,Rohit Sharma,DC
30,2011,Rohit Sharma,MI
30,2012,Rohit Sharma,MI
30,2013,Rohit Sharma,MI
30,2014,Rohit Sharma,MI
30,2015,Rohit Sharma,MI
30,2016,Rohit Sharma,MI
30,2017,Rohit Sharma,MI
30,2018,Rohit Sharma,MI
31,2008,Andrew Symonds,DC
31,2009,Andrew Symonds,DC
31,2010,Andrew Symonds,DC
31,2011,Andrew Symonds,MI
32,2008,Venugopal Rao,DC
32,2009,Venugopal Rao,DC
32,2010,Venugopal Rao,DC
32,2011,Venugopal Rao,DD
32,2012,Venugopal Rao,DD
32,2013,Venugopal Rao,DD
32,2014,Venugopal Rao,SRH
33,2008,R.P.Singh,DC
34,2008,Arjun Yadav,DC
34,2009,Arjun Yadav,DC
34,2010,Arjun Yadav,DC
34,2011,Arjun Yadav,DC
34,2012,Arjun Yadav,DC
35,2008,Sanjay Bangar,DC
35,2009,Sanjay Bangar,KKR
36,2008,Herschelle Gibbs,DC
36,2009,Herschelle Gibbs,DC
36,2010,Herschelle Gibbs,DC
36,2012,Herschelle Gibbs,MI
37,2008,Doddapaneni Kalyankrishna,DC
37,2009,Doddapaneni Kalyankrishna,DC
38,2008,Dwaraka Ravi Teja,DC
38,2009,Dwaraka Ravi Teja,DC
38,2010,Dwaraka Ravi Teja,DC
38,2011,Dwaraka Ravi Teja,DC
38,2012,Dwaraka Ravi Teja,DC
38,2013,Dwaraka Ravi Teja,SRH
39,2008,Shahid Afridi,DC
40,2008,Chamara Silva,DC
40,2009,Chamara Silva,DC
41,2008,Scott Styris,DC
41,2009,Scott Styris,DC
41,2011,Scott Styris,CSK
41,2012,Scott Styris,CSK
42,2008,Chaminda Vaas,DC
42,2009,Chaminda Vaas,DC
42,2010,Chaminda Vaas,DC
43,2008,Paidikalva Vijaykumar,DC
43,2009,Paidikalva Vijaykumar,DC
44,2008,Nuwan Zoysa,DC
44,2009,Nuwan Zoysa,DC
45,2008,Sarvesh Kumar,DC
45,2009,Sarvesh Kumar,DC
46,2008,Virender Sehwag,DD
46,2009,Virender Sehwag,DD
46,2010,Virender Sehwag,DD
46,2011,Virender Sehwag,DD
46,2012,Virender Sehwag,DD
46,2013,Virender Sehwag,DD
46,2014,Virender Sehwag,KXI
46,2015,Virender Sehwag,KXI
47,2008,AB De Villiers,DD
47,2009,AB De Villiers,DD
47,2010,AB De Villiers,DD
47,2011,AB De Villiers,RCB
47,2012,AB De Villiers,RCB
47,2013,AB De Villiers,RCB
47,2014,AB De Villiers,RCB
47,2015,AB De Villiers,RCB
47,2016,AB De Villiers,RCB
47,2017,AB De Villiers,RCB
47,2018,AB De Villiers,RCB
48,2008,Tillakaratne Dilshan,DD
48,2009,Tillakaratne Dilshan,DD
48,2010,Tillakaratne Dilshan,DD
48,2011,Tillakaratne Dilshan,RCB
48,2012,Tillakaratne Dilshan,RCB
48,2013,Tillakaratne Dilshan,RCB
49,2008,Brett Geeves,DD
50,2008,Glenn McGrath,DD
50,2009,Glenn McGrath,DD
51,2008,Yo Mahesh,DD
51,2009,Yo Mahesh,DD
51,2010,Yo Mahesh,DD
51,2011,Yo Mahesh,CSK
51,2012,Yo Mahesh,CSK
52,2008,Amit Mishra,DD
52,2009,Amit Mishra,DD
52,2010,Amit Mishra,DD
52,2011,Amit Mishra,DC
52,2012,Amit Mishra,DC
52,2013,Amit Mishra,SRH
52,2014,Amit Mishra,SRH
52,2015,Amit Mishra,DD
52,2016,Amit Mishra,DD
52,2017,Amit Mishra,DD
52,2018,Amit Mishra,DD
53,2008,Yogesh Nagar,DD
53,2009,Yogesh Nagar,DD
53,2010,Yogesh Nagar,DD
53,2011,Yogesh Nagar,DD
53,2012,Yogesh Nagar,DD
53,2013,Yogesh Nagar,DD
54,2008,Shoaib Malik,DD
55,2008,Manoj Tiwary,DD
55,2009,Manoj Tiwary,DD
55,2010,Manoj Tiwary,KKR
55,2011,Manoj Tiwary,KKR
55,2012,Manoj Tiwary,KKR
55,2013,Manoj Tiwary,KKR
55,2014,Manoj Tiwary,DD
55,2015,Manoj Tiwary,DD
55,2017,Manoj Tiwary,RPS
55,2018,Manoj Tiwary,KXI
56,2008,Rajat Bhatia,DD
56,2009,Rajat Bhatia,DD
56,2010,Rajat Bhatia,DD
56,2011,Rajat Bhatia,KKR
56,2012,Rajat Bhatia,KKR
56,2013,Rajat Bhatia,KKR
56,2014,Rajat Bhatia,RR
56,2015,Rajat Bhatia,RR
56,2016,Rajat Bhatia,RPS
56,2017,Rajat Bhatia,RPS
57,2008,Shikhar Dhawan,DD
57,2009,Shikhar Dhawan,MI
57,2010,Shikhar Dhawan,MI
57,2011,Shikhar Dhawan,DC
57,2012,Shikhar Dhawan,DC
57,2013,Shikhar Dhawan,SRH
57,2014,Shikhar Dhawan,SRH
57,2015,Shikhar Dhawan,SRH
57,2016,Shikhar Dhawan,SRH
57,2017,Shikhar Dhawan,SRH
57,2018,Shikhar Dhawan,SRH
58,2008,Gautam Gambhir,DD
58,2009,Gautam Gambhir,DD
58,2010,Gautam Gambhir,DD
58,2011,Gautam Gambhir,KKR
58,2012,Gautam Gambhir,KKR
58,2013,Gautam Gambhir,KKR
58,2014,Gautam Gambhir,KKR
58,2015,Gautam Gambhir,KKR
58,2016,Gautam Gambhir,KKR
58,2017,Gautam Gambhir,KKR
58,2018,Gautam Gambhir,DD
59,2008,Dinesh Karthik,DD
59,2009,Dinesh Karthik,DD
59,2010,Dinesh Karthik,DD
59,2011,Dinesh Karthik,KXI
59,2012,Dinesh Karthik,MI
59,2013,Dinesh Karthik,MI
59,2014,Dinesh Karthik,DD
59,2015,Dinesh Karthik,RCB
59,2016,Dinesh Karthik,GL
59,2017,Dinesh Karthik,GL
59,2018,Dinesh Karthik,KKR
60,2008,Farveez Maharoof,DD
60,2009,Farveez Maharoof,DD
60,2010,Farveez Maharoof,DD
61,2008,Mithun Manhas,DD
61,2009,Mithun Manhas,DD
61,2010,Mithun Manhas,DD
61,2011,Mithun Manhas,PW
61,2012,Mithun Manhas,PW
61,2013,Mithun Manhas,PW
61,2014,Mithun Manhas,CSK
61,2015,Mithun Manhas,CSK
62,2008,Mohammad Asif,DD
63,2008,Pradeep Sangwan,DD
63,2009,Pradeep Sangwan,DD
63,2010,Pradeep Sangwan,DD
63,2011,Pradeep Sangwan,KKR
63,2012,Pradeep Sangwan,KKR
63,2013,Pradeep Sangwan,KKR
63,2016,Pradeep Sangwan,GL
63,2017,Pradeep Sangwan,GL
63,2018,Pradeep Sangwan,MI
64,2008,Mayank Tehlan,DD
65,2008,Tejashwi Yadav,DD
65,2009,Tejashwi Yadav,DD
65,2011,Tejashwi Yadav,DD
65,2012,Tejashwi Yadav,DD
66,2008,Sourav Ganguly,KKR
66,2009,Sourav Ganguly,KKR
66,2010,Sourav Ganguly,KKR
66,2011,Sourav Ganguly,PW
66,2012,Sourav Ganguly,PW
67,2008,Aakash Chopra,KKR
67,2009,Aakash Chopra,KKR
67,2011,Aakash Chopra,RR
67,2012,Aakash Chopra,RR
68,2008,Ashok Dinda,KKR
68,2009,Ashok Dinda,KKR
68,2010,Ashok Dinda,KKR
68,2011,Ashok Dinda,DD
68,2012,Ashok Dinda,PW
68,2013,Ashok Dinda,PW
68,2014,Ashok Dinda,RCB
68,2015,Ashok Dinda,RCB
68,2016,Ashok Dinda,RPS
68,2017,Ashok Dinda,RPS
69,2008,Brad Hodge,KKR
69,2009,Brad Hodge,KKR
69,2010,Brad Hodge,KKR
69,2011,Brad Hodge,KTK
69,2012,Brad Hodge,RR
69,2013,Brad Hodge,RR
69,2014,Brad Hodge,RR
70,2008,Iqbal Abdulla,KKR
70,2010,Iqbal Abdulla,KKR
70,2011,Iqbal Abdulla,KKR
70,2012,Iqbal Abdulla,KKR
70,2013,Iqbal Abdulla,KKR
70,2014,Iqbal Abdulla,RR
70,2015,Iqbal Abdulla,RCB
70,2016,Iqbal Abdulla,RCB
70,2017,Iqbal Abdulla,RCB
71,2008,Siddarth Kaul,KKR
71,2013,Siddarth Kaul,DD
71,2014,Siddarth Kaul,DD
71,2015,Siddarth Kaul,SRH
71,2016,Siddarth Kaul,SRH
71,2017,Siddarth Kaul,SRH
71,2018,Siddarth Kaul,SRH
72,2008,Ajantha Mendis,KKR
72,2009,Ajantha Mendis,KKR
72,2010,Ajantha Mendis,KKR
72,2013,Ajantha Mendis,PW
73,2008,Ricky Ponting,KKR
73,2013,Ricky Ponting,MI
74,2008,Salman Butt,KKR
75,2008,Shoaib Akhtar,KKR
76,2008,Tatenda Taibu,KKR
77,2008,Ajit Agarkar,KKR
77,2009,Ajit Agarkar,KKR
77,2010,Ajit Agarkar,KKR
77,2011,Ajit Agarkar,DD
77,2012,Ajit Agarkar,DD
77,2013,Ajit Agarkar,DD
78,2008,Debabrata Das,KKR
78,2012,Debabrata Das,KKR
78,2013,Debabrata Das,KKR
78,2014,Debabrata Das,KKR
79,2008,Chris Gayle,KKR
79,2009,Chris Gayle,KKR
79,2010,Chris Gayle,KKR
79,2011,Chris Gayle,RCB
79,2012,Chris Gayle,RCB
79,2013,Chris Gayle,RCB
79,2014,Chris Gayle,RCB
79,2015,Chris Gayle,RCB
79,2016,Chris Gayle,RCB
79,2017,Chris Gayle,RCB
79,2018,Chris Gayle,KXI
80,2008,David Hussey,KKR
80,2009,David Hussey,KKR
80,2010,David Hussey,KKR
80,2011,David Hussey,KXI
80,2012,David Hussey,KXI
80,2013,David Hussey,KXI
80,2014,David Hussey,CSK
81,2008,Murali Kartik,KKR
81,2009,Murali Kartik,KKR
81,2010,Murali Kartik,KKR
81,2011,Murali Kartik,PW
81,2012,Murali Kartik,PW
81,2013,Murali Kartik,RCB
81,2014,Murali Kartik,KXI
82,2008,Brendon McCullum,KKR
82,2009,Brendon McCullum,KKR
82,2010,Brendon McCullum,KKR
82,2011,Brendon McCullum,KTK
82,2012,Brendon McCullum,KKR
82,2013,Brendon McCullum,KKR
82,2014,Brendon McCullum,CSK
82,2015,Brendon McCullum,CSK
82,2016,Brendon McCullum,GL
82,2017,Brendon McCullum,GL
82,2018,Brendon McCullum,RCB
83,2008,Mohammad Hafeez,KKR
84,2008,Wriddhiman Saha,KKR
84,2009,Wriddhiman Saha,KKR
84,2010,Wriddhiman Saha,KKR
84,2011,Wriddhiman Saha,CSK
84,2012,Wriddhiman Saha,CSK
84,2013,Wriddhiman Saha,CSK
84,2014,Wriddhiman Saha,KXI
84,2015,Wriddhiman Saha,KXI
84,2016,Wriddhiman Saha,KXI
84,2017,Wriddhiman Saha,KXI
84,2018,Wriddhiman Saha,SRH
85,2008,Ishant Sharma,KKR
85,2009,Ishant Sharma,KKR
85,2010,Ishant Sharma,KKR
85,2011,Ishant Sharma,DC
85,2012,Ishant Sharma,DC
85,2013,Ishant Sharma,SRH
85,2014,Ishant Sharma,SRH
85,2015,Ishant Sharma,SRH
85,2016,Ishant Sharma,RPS
85,2017,Ishant Sharma,KXI
86,2008,Laxmi Shukla,KKR
86,2009,Laxmi Shukla,KKR
86,2010,Laxmi Shukla,KKR
86,2011,Laxmi Shukla,KKR
86,2012,Laxmi Shukla,KKR
86,2013,Laxmi Shukla,KKR
86,2014,Laxmi Shukla,DD
87,2008,Umar Gul,KKR
88,2008,Yuvraj Singh,KXI
88,2009,Yuvraj Singh,KXI
88,2010,Yuvraj Singh,KXI
88,2011,Yuvraj Singh,PW
88,2012,Yuvraj Singh,PW
88,2013,Yuvraj Singh,PW
88,2014,Yuvraj Singh,RCB
88,2015,Yuvraj Singh,DD
88,2016,Yuvraj Singh,SRH
88,2017,Yuvraj Singh,SRH
88,2018,Yuvraj Singh,KXI
89,2008,Ajitesh Argal,KXI
89,2009,Ajitesh Argal,KXI
90,2008,Pankaj Dharmani,KXI
91,2008,Gagandeep Singh,KXI
92,2008,James Hopes,KXI
92,2009,James Hopes,KXI
92,2010,James Hopes,KXI
92,2011,James Hopes,DD
92,2012,James Hopes,PW
93,2008,Uday Kaul,KXI
93,2009,Uday Kaul,KXI
94,2008,Brett Lee,KXI
94,2009,Brett Lee,KXI
94,2010,Brett Lee,KXI
94,2011,Brett Lee,KKR
94,2012,Brett Lee,KKR
94,2013,Brett Lee,KKR
95,2008,Kyle Mills,KXI
95,2009,Kyle Mills,MI
96,2008,Irfan Pathan,KXI
96,2009,Irfan Pathan,KXI
96,2010,Irfan Pathan,KXI
96,2011,Irfan Pathan,DD
96,2012,Irfan Pathan,DD
96,2013,Irfan Pathan,DD
96,2014,Irfan Pathan,SRH
96,2015,Irfan Pathan,CSK
96,2016,Irfan Pathan,RPS
96,2017,Irfan Pathan,GL
97,2008,Ramesh Powar,KXI
97,2009,Ramesh Powar,KXI
97,2010,Ramesh Powar,KXI
97,2011,Ramesh Powar,KTK
97,2012,Ramesh Powar,KXI
98,2008,Kumar Sangakkara,KXI
98,2009,Kumar Sangakkara,KXI
98,2010,Kumar Sangakkara,KXI
98,2011,Kumar Sangakkara,DC
98,2012,Kumar Sangakkara,DC
98,2013,Kumar Sangakkara,SRH
99,2008,Vikram Singh,KXI
99,2009,Vikram Singh,KXI
99,2010,Vikram Singh,KXI
100,2008,S Sreesanth,KXI
100,2009,S Sreesanth,KXI
100,2010,S Sreesanth,KXI
100,2011,S Sreesanth,KTK
100,2012,S Sreesanth,RR
100,2013,S Sreesanth,RR
101,2008,Mahela Jayawardene,KXI
101,2009,Mahela Jayawardene,KXI
101,2010,Mahela Jayawardene,KXI
101,2011,Mahela Jayawardene,KTK
101,2012,Mahela Jayawardene,DD
101,2013,Mahela Jayawardene,DD
102,2008,Piyush Chawla,KXI
102,2009,Piyush Chawla,KXI
102,2010,Piyush Chawla,KXI
102,2011,Piyush Chawla,KXI
102,2012,Piyush Chawla,KXI
102,2013,Piyush Chawla,KXI
102,2014,Piyush Chawla,KKR
102,2015,Piyush Chawla,KKR
102,2016,Piyush Chawla,KKR
102,2017,Piyush Chawla,KKR
102,2018,Piyush Chawla,KKR
103,2008,Rishi Dhawan,KXI
103,2013,Rishi Dhawan,MI
103,2014,Rishi Dhawan,KXI
103,2015,Rishi Dhawan,KXI
103,2016,Rishi Dhawan,KXI
103,2017,Rishi Dhawan,KKR
104,2008,Karan Goel,KXI
104,2009,Karan Goel,KXI
104,2010,Karan Goel,KXI
105,2008,Simon Katich,KXI
105,2009,Simon Katich,KXI
106,2008,Shaun Marsh,KXI
106,2009,Shaun Marsh,KXI
106,2010,Shaun Marsh,KXI
106,2011,Shaun Marsh,KXI
106,2012,Shaun Marsh,KXI
106,2013,Shaun Marsh,KXI
106,2014,Shaun Marsh,KXI
106,2015,Shaun Marsh,KXI
106,2016,Shaun Marsh,KXI
106,2017,Shaun Marsh,KXI
107,2008,Wilkin Mota,KXI
107,2009,Wilkin Mota,KXI
108,2008,Luke Pomersbach,KXI
108,2009,Luke Pomersbach,KXI
108,2011,Luke Pomersbach,RCB
108,2012,Luke Pomersbach,RCB
108,2013,Luke Pomersbach,KXI
109,2008,Nitin Saini,KXI
109,2011,Nitin Saini,KXI
109,2012,Nitin Saini,KXI
109,2013,Nitin Saini,KXI
110,2008,Ramnaresh Sarwan,KXI
111,2008,Sunny Sohal,KXI
111,2009,Sunny Sohal,KXI
111,2011,Sunny Sohal,DC
111,2012,Sunny Sohal,DC
111,2013,Sunny Sohal,RCB
112,2008,Tanmay Srivastava,KXI
112,2009,Tanmay Srivastava,KXI
112,2010,Tanmay Srivastava,KXI
112,2011,Tanmay Srivastava,KTK
112,2012,Tanmay Srivastava,DC
113,2008,Sachin Tendulkar,MI
113,2009,Sachin Tendulkar,MI
113,2010,Sachin Tendulkar,MI
113,2011,Sachin Tendulkar,MI
113,2012,Sachin Tendulkar,MI
113,2013,Sachin Tendulkar,MI
114,2008,Dwayne Bravo,MI
114,2009,Dwayne Bravo,MI
114,2010,Dwayne Bravo,MI
114,2011,Dwayne Bravo,CSK
114,2012,Dwayne Bravo,CSK
114,2013,Dwayne Bravo,CSK
114,2014,Dwayne Bravo,CSK
114,2015,Dwayne Bravo,CSK
114,2016,Dwayne Bravo,GL
114,2018,Dwayne Bravo,CSK
115,2008,Siddharth Chitnis,MI
115,2009,Siddharth Chitnis,RR
115,2011,Siddharth Chitnis,KXI
115,2012,Siddharth Chitnis,KXI
115,2013,Siddharth Chitnis,KXI
116,2008,Dilhara Fernando,MI
116,2009,Dilhara Fernando,MI
116,2010,Dilhara Fernando,MI
116,2011,Dilhara Fernando,MI
117,2008,Sanath Jayasuriya,MI
117,2009,Sanath Jayasuriya,MI
117,2010,Sanath Jayasuriya,MI
118,2008,Dhawal Kulkarni,MI
118,2009,Dhawal Kulkarni,MI
118,2010,Dhawal Kulkarni,MI
118,2011,Dhawal Kulkarni,MI
118,2012,Dhawal Kulkarni,MI
118,2013,Dhawal Kulkarni,MI
118,2014,Dhawal Kulkarni,RR
118,2015,Dhawal Kulkarni,RR
118,2016,Dhawal Kulkarni,GL
118,2017,Dhawal Kulkarni,GL
118,2018,Dhawal Kulkarni,RR
119,2008,Ashish Nehra,MI
119,2009,Ashish Nehra,DD
119,2010,Ashish Nehra,DD
119,2011,Ashish Nehra,PW
119,2012,Ashish Nehra,PW
119,2013,Ashish Nehra,DD
119,2014,Ashish Nehra,CSK
119,2015,Ashish Nehra,CSK
119,2016,Ashish Nehra,SRH
119,2017,Ashish Nehra,SRH
120,2008,Manish Pandey,MI
120,2009,Manish Pandey,RCB
120,2010,Manish Pandey,RCB
120,2011,Manish Pandey,PW
120,2012,Manish Pandey,PW
120,2013,Manish Pandey,PW
120,2014,Manish Pandey,KKR
120,2015,Manish Pandey,KKR
120,2016,Manish Pandey,KKR
120,2017,Manish Pandey,KKR
120,2018,Manish Pandey,SRH
121,2008,Shaun Pollock,MI
122,2008,Ajinkya Rahane,MI
122,2009,Ajinkya Rahane,MI
122,2011,Ajinkya Rahane,RR
122,2012,Ajinkya Rahane,RR
122,2013,Ajinkya Rahane,RR
122,2014,Ajinkya Rahane,RR
122,2015,Ajinkya Rahane,RR
122,2016,Ajinkya Rahane,RPS
122,2017,Ajinkya Rahane,RPS
122,2018,Ajinkya Rahane,RR
123,2008,Luke Ronchi,MI
123,2009,Luke Ronchi,MI
124,2008,Dwayne Smith,MI
124,2009,Dwayne Smith,DC
124,2010,Dwayne Smith,DC
124,2012,Dwayne Smith,MI
124,2013,Dwayne Smith,MI
124,2014,Dwayne Smith,CSK
124,2015,Dwayne Smith,CSK
124,2016,Dwayne Smith,GL
124,2017,Dwayne Smith,GL
125,2008,Yogesh Takawale,MI
125,2009,Yogesh Takawale,MI
125,2014,Yogesh Takawale,RCB
125,2015,Yogesh Takawale,RCB
126,2008,Saurabh Tiwary,MI
126,2009,Saurabh Tiwary,MI
126,2010,Saurabh Tiwary,MI
126,2011,Saurabh Tiwary,RCB
126,2012,Saurabh Tiwary,RCB
126,2013,Saurabh Tiwary,RCB
126,2015,Saurabh Tiwary,DD
126,2016,Saurabh Tiwary,RPS
126,2017,Saurabh Tiwary,MI
126,2018,Saurabh Tiwary,MI
127,2008,Vikrant Yeligati,MI
128,2008,Loots Bosman,MI
129,2008,Ankeet Chavan,MI
129,2011,Ankeet Chavan,RR
129,2012,Ankeet Chavan,RR
129,2013,Ankeet Chavan,RR
130,2008,Gaurav Dhiman,MI
130,2009,Gaurav Dhiman,RCB
131,2008,Harbhajan Singh,MI
131,2009,Harbhajan Singh,MI
131,2010,Harbhajan Singh,MI
131,2011,Harbhajan Singh,MI
131,2012,Harbhajan Singh,MI
131,2013,Harbhajan Singh,MI
131,2014,Harbhajan Singh,MI
131,2015,Harbhajan Singh,MI
131,2016,Harbhajan Singh,MI
131,2017,Harbhajan Singh,MI
131,2018,Harbhajan Singh,CSK
132,2008,Musavir Khote,MI
133,2008,Abhishek Nayar,MI
133,2009,Abhishek Nayar,MI
133,2010,Abhishek Nayar,MI
133,2011,Abhishek Nayar,KXI
133,2012,Abhishek Nayar,KXI
133,2013,Abhishek Nayar,PW
133,2014,Abhishek Nayar,RR
133,2015,Abhishek Nayar,RR
134,2008,Andre Nel,MI
135,2008,Rajesh Pawar,MI
135,2011,Rajesh Pawar,DD
136,2008,Ashwell Prince,MI
137,2008,Rohan Raje,MI
137,2009,Rohan Raje,MI
138,2008,Pinal Shah,MI
138,2009,Pinal Shah,MI
138,2011,Pinal Shah,RR
138,2012,Pinal Shah,RR
139,2008,Swapnil Singh,MI
139,2016,Swapnil Singh,KXI
139,2017,Swapnil Singh,KXI
140,2008,Dominic Thornely,MI
141,2008,Robin Uthappa,MI
141,2009,Robin Uthappa,RCB
141,2010,Robin Uthappa,RCB
141,2011,Robin Uthappa,PW
141,2012,Robin Uthappa,PW
141,2013,Robin Uthappa,PW
141,2014,Robin Uthappa,KKR
141,2015,Robin Uthappa,KKR
141,2016,Robin Uthappa,KKR
141,2017,Robin Uthappa,KKR
141,2018,Robin Uthappa,KKR
142,2008,Rahul Dravid,RCB
142,2009,Rahul Dravid,RCB
142,2010,Rahul Dravid,RCB
142,2011,Rahul Dravid,RR
142,2012,Rahul Dravid,RR
142,2013,Rahul Dravid,RR
143,2008,Neravanda Aiyappa,RCB
144,2008,KP Appanna,RCB
144,2009,KP Appanna,RCB
144,2010,KP Appanna,RCB
144,2012,KP Appanna,RCB
144,2013,KP Appanna,RCB
145,2008,Mark Boucher,RCB
145,2009,Mark Boucher,RCB
145,2010,Mark Boucher,RCB
145,2011,Mark Boucher,KKR
146,2008,Bharath Chipli,RCB
146,2009,Bharath Chipli,RCB
146,2011,Bharath Chipli,DC
146,2012,Bharath Chipli,DC
146,2013,Bharath Chipli,DD
147,2008,Wasim Jaffer,RCB
147,2009,Wasim Jaffer,RCB
148,2008,Jacques Kallis,RCB
148,2009,Jacques Kallis,RCB
148,2010,Jacques Kallis,RCB
148,2011,Jacques Kallis,KKR
148,2012,Jacques Kallis,KKR
148,2013,Jacques Kallis,KKR
148,2014,Jacques Kallis,KKR
149,2008,Virat Kohli,RCB
149,2009,Virat Kohli,RCB
149,2010,Virat Kohli,RCB
149,2011,Virat Kohli,RCB
149,2012,Virat Kohli,RCB
149,2013,Virat Kohli,RCB
149,2014,Virat Kohli,RCB
149,2015,Virat Kohli,RCB
149,2016,Virat Kohli,RCB
149,2017,Virat Kohli,RCB
149,2018,Virat Kohli,RCB
150,2008,Anil Kumble,RCB
150,2009,Anil Kumble,RCB
150,2010,Anil Kumble,RCB
151,2008,Ashley Noffke,RCB
152,2008,Dale Steyn,RCB
152,2009,Dale Steyn,RCB
152,2010,Dale Steyn,RCB
152,2011,Dale Steyn,DC
152,2012,Dale Steyn,DC
152,2013,Dale Steyn,SRH
152,2014,Dale Steyn,SRH
152,2015,Dale Steyn,SRH
152,2016,Dale Steyn,GL
153,2008,Vinay Kumar,RCB
153,2009,Vinay Kumar,RCB
153,2010,Vinay Kumar,RCB
153,2011,Vinay Kumar,KTK
153,2012,Vinay Kumar,RCB
153,2013,Vinay Kumar,RCB
153,2014,Vinay Kumar,KKR
153,2015,Vinay Kumar,MI
153,2016,Vinay Kumar,MI
153,2017,Vinay Kumar,MI
153,2018,Vinay Kumar,KKR
154,2008,Abdur Razzak,RCB
155,2008,Jagadeesh Arunkumar,RCB
155,2009,Jagadeesh Arunkumar,RCB
156,2008,Shivnarine Chanderpaul,RCB
157,2008,Shreevats Goswami,RCB
157,2009,Shreevats Goswami,RCB
157,2010,Shreevats Goswami,RCB
157,2011,Shreevats Goswami,KKR
157,2012,Shreevats Goswami,RR
157,2013,Shreevats Goswami,RR
157,2018,Shreevats Goswami,SRH
158,2008,Sunil Joshi,RCB
158,2009,Sunil Joshi,RCB
159,2008,Zaheer Khan,RCB
159,2009,Zaheer Khan,MI
159,2010,Zaheer Khan,MI
159,2011,Zaheer Khan,RCB
159,2012,Zaheer Khan,RCB
159,2013,Zaheer Khan,RCB
159,2014,Zaheer Khan,MI
159,2015,Zaheer Khan,DD
159,2016,Zaheer Khan,DD
159,2017,Zaheer Khan,DD
160,2008,Praveen Kumar,RCB
160,2009,Praveen Kumar,RCB
160,2010,Praveen Kumar,RCB
160,2011,Praveen Kumar,KXI
160,2012,Praveen Kumar,KXI
160,2013,Praveen Kumar,KXI
160,2014,Praveen Kumar,MI
160,2015,Praveen Kumar,SRH
160,2016,Praveen Kumar,GL
160,2017,Praveen Kumar,GL
161,2008,Misbah-ul-Haq,RCB
162,2008,Devraj Patil,RCB
162,2009,Devraj Patil,RCB
163,2008,Ross Taylor,RCB
163,2009,Ross Taylor,RCB
163,2010,Ross Taylor,RCB
163,2011,Ross Taylor,RR
163,2012,Ross Taylor,DD
163,2013,Ross Taylor,PW
163,2014,Ross Taylor,DD
164,2008,Cameron White,RCB
164,2009,Cameron White,RCB
164,2010,Cameron White,RCB
164,2011,Cameron White,DC
164,2012,Cameron White,DC
164,2013,Cameron White,SRH
165,2008,Shane Warne,RR
165,2009,Shane Warne,RR
165,2010,Shane Warne,RR
165,2011,Shane Warne,RR
166,2008,Swapnil Asnodkar,RR
166,2009,Swapnil Asnodkar,RR
166,2010,Swapnil Asnodkar,RR
166,2011,Swapnil Asnodkar,RR
167,2008,Mohammad Kaif,RR
167,2010,Mohammad Kaif,KXI
167,2011,Mohammad Kaif,RCB
167,2012,Mohammad Kaif,RCB
168,2008,Darren Lehmann,RR
169,2008,Morne Morkel,RR
169,2009,Morne Morkel,RR
169,2010,Morne Morkel,RR
169,2011,Morne Morkel,DD
169,2012,Morne Morkel,DD
169,2013,Morne Morkel,DD
169,2014,Morne Morkel,KKR
169,2015,Morne Morkel,KKR
169,2016,Morne Morkel,KKR
170,2008,Munaf Patel,RR
170,2009,Munaf Patel,RR
170,2010,Munaf Patel,RR
170,2011,Munaf Patel,MI
170,2012,Munaf Patel,MI
170,2013,Munaf Patel,MI
170,2017,Munaf Patel,GL
171,2008,Yusuf Pathan,RR
171,2009,Yusuf Pathan,RR
171,2010,Yusuf Pathan,RR
171,2011,Yusuf Pathan,KKR
171,2012,Yusuf Pathan,KKR
171,2013,Yusuf Pathan,KKR
171,2014,Yusuf Pathan,KKR
171,2015,Yusuf Pathan,KKR
171,2016,Yusuf Pathan,KKR
171,2017,Yusuf Pathan,KKR
171,2018,Yusuf Pathan,SRH
172,2008,Anup Revandkar,RR
173,2008,Jaydev Shah,RR
173,2009,Jaydev Shah,MI
173,2011,Jaydev Shah,DC
173,2012,Jaydev Shah,MI
173,2016,Jaydev Shah,GL
173,2017,Jaydev Shah,GL
174,2008,Sohail Tanvir,RR
175,2008,Shane Watson,RR
175,2009,Shane Watson,RR
175,2010,Shane Watson,RR
175,2011,Shane Watson,RR
175,2012,Shane Watson,RR
175,2013,Shane Watson,RR
175,2014,Shane Watson,RR
175,2015,Shane Watson,RR
175,2016,Shane Watson,RCB
175,2017,Shane Watson,RCB
175,2018,Shane Watson,CSK
176,2008,Aditya Angle,RR
176,2009,Aditya Angle,RR
177,2008,Ravindra Jadeja,RR
177,2009,Ravindra Jadeja,RR
177,2011,Ravindra Jadeja,KTK
177,2012,Ravindra Jadeja,CSK
177,2013,Ravindra Jadeja,CSK
177,2014,Ravindra Jadeja,CSK
177,2015,Ravindra Jadeja,CSK
177,2016,Ravindra Jadeja,GL
177,2017,Ravindra Jadeja,GL
177,2018,Ravindra Jadeja,CSK
178,2008,Kamran Akmal,RR
179,2008,Taruwar Kohli,RR
179,2009,Taruwar Kohli,KXI
180,2008,Parag More,RR
180,2009,Parag More,RR
181,2008,Pankaj Singh,RR
181,2009,Pankaj Singh,RCB
181,2010,Pankaj Singh,RCB
181,2011,Pankaj Singh,RR
181,2012,Pankaj Singh,RR
181,2013,Pankaj Singh,RCB
182,2008,Niraj Patel,RR
182,2009,Niraj Patel,RR
183,2008,Mahesh Rawat,RR
183,2009,Mahesh Rawat,RR
183,2013,Mahesh Rawat,PW
184,2008,Dinesh Salunkhe,RR
184,2015,Dinesh Salunkhe,RR
185,2008,Graeme Smith,RR
185,2009,Graeme Smith,RR
185,2010,Graeme Smith,RR
185,2011,Graeme Smith,PW
185,2012,Graeme Smith,PW
186,2008,Siddharth Trivedi,RR
186,2009,Siddharth Trivedi,RR
186,2010,Siddharth Trivedi,RR
186,2011,Siddharth Trivedi,RR
186,2012,Siddharth Trivedi,RR
186,2013,Siddharth Trivedi,RR
187,2008,Younis Khan,RR
188,2009,Thilan Thushara,CSK
188,2010,Thilan Thushara,CSK
189,2009,Murali Vijay,CSK
189,2010,Murali Vijay,CSK
189,2011,Murali Vijay,CSK
189,2012,Murali Vijay,CSK
189,2013,Murali Vijay,CSK
189,2014,Murali Vijay,DD
189,2015,Murali Vijay,KXI
189,2016,Murali Vijay,KXI
189,2018,Murali Vijay,CSK
190,2009,George Bailey,CSK
190,2010,George Bailey,CSK
190,2011,George Bailey,CSK
190,2012,George Bailey,CSK
190,2014,George Bailey,KXI
190,2015,George Bailey,KXI
190,2016,George Bailey,RPS
191,2009,Andrew Flintoff,CSK
192,2009,Sudeep Tyagi,CSK
192,2010,Sudeep Tyagi,CSK
192,2011,Sudeep Tyagi,CSK
192,2012,Sudeep Tyagi,CSK
192,2013,Sudeep Tyagi,SRH
193,2009,Azhar Bilakhia,DC
193,2010,Azhar Bilakhia,DC
194,2009,Ryan Harris,DC
194,2010,Ryan Harris,DC
194,2011,Ryan Harris,KXI
194,2012,Ryan Harris,KXI
194,2013,Ryan Harris,KXI
195,2009,Shoaib Ahmed,DC
196,2008,RP Singh,DC
196,2009,RP Singh,DC
196,2010,RP Singh,DC
196,2011,RP Singh,KTK
196,2012,RP Singh,MI
196,2013,RP Singh,RCB
196,2016,RP Singh,RPS
197,2009,Abhinav Kumar,DC
198,2009,Manvinder Bisla,DC
198,2010,Manvinder Bisla,KXI
198,2011,Manvinder Bisla,KKR
198,2012,Manvinder Bisla,KKR
198,2013,Manvinder Bisla,KKR
198,2014,Manvinder Bisla,KKR
198,2015,Manvinder Bisla,RCB
199,2009,Fidel Edwards,DC
199,2013,Fidel Edwards,RR
200,2009,Harmeet Singh,DC
200,2010,Harmeet Singh,DC
200,2011,Harmeet Singh,DC
200,2012,Harmeet Singh,KXI
200,2013,Harmeet Singh,KXI
201,2009,Jaskaran Singh,DC
201,2010,Jaskaran Singh,DC
201,2016,Jaskaran Singh,RPS
201,2017,Jaskaran Singh,RPS
202,2009,Tirumalsetti Suman,DC
202,2010,Tirumalsetti Suman,DC
202,2011,Tirumalsetti Suman,MI
202,2012,Tirumalsetti Suman,MI
202,2013,Tirumalsetti Suman,PW
202,2016,Tirumalsetti Suman,SRH
203,2009,Paul Collingwood,DD
203,2010,Paul Collingwood,DD
203,2011,Paul Collingwood,RR
203,2012,Paul Collingwood,RR
204,2009,Dirk Nannes,DD
204,2010,Dirk Nannes,DD
204,2011,Dirk Nannes,RCB
204,2012,Dirk Nannes,RCB
204,2013,Dirk Nannes,CSK
205,2009,Aavishkar Salvi,DD
205,2010,Aavishkar Salvi,DD
205,2011,Aavishkar Salvi,DD
205,2012,Aavishkar Salvi,DD
206,2009,Owais Shah,DD
206,2010,Owais Shah,KKR
206,2011,Owais Shah,KTK
206,2012,Owais Shah,RR
206,2013,Owais Shah,RR
207,2009,David Warner,DD
207,2010,David Warner,DD
207,2011,David Warner,DD
207,2012,David Warner,DD
207,2013,David Warner,DD
207,2014,David Warner,SRH
207,2015,David Warner,SRH
207,2016,David Warner,SRH
207,2017,David Warner,SRH
207,2018,David Warner,SRH
208,2009,Umesh Yadav,DD
208,2010,Umesh Yadav,DD
208,2011,Umesh Yadav,DD
208,2012,Umesh Yadav,DD
208,2013,Umesh Yadav,DD
208,2014,Umesh Yadav,KKR
208,2015,Umesh Yadav,KKR
208,2016,Umesh Yadav,KKR
208,2017,Umesh Yadav,KKR
208,2018,Umesh Yadav,RCB
209,2009,Andrew McDonald,DD
209,2010,Andrew McDonald,DD
209,2011,Andrew McDonald,DD
209,2012,Andrew McDonald,RCB
209,2013,Andrew McDonald,RCB
210,2008,Daniel Vettori,DD
210,2009,Daniel Vettori,DD
210,2010,Daniel Vettori,DD
210,2011,Daniel Vettori,RCB
210,2012,Daniel Vettori,RCB
210,2013,Daniel Vettori,RCB
211,2009,Anureet Singh,KKR
211,2014,Anureet Singh,KXI
211,2015,Anureet Singh,KXI
211,2016,Anureet Singh,KXI
211,2017,Anureet Singh,KXI
211,2018,Anureet Singh,RR
212,2009,Moises Henriques,KKR
212,2010,Moises Henriques,DD
212,2011,Moises Henriques,MI
212,2013,Moises Henriques,RCB
212,2014,Moises Henriques,SRH
212,2015,Moises Henriques,SRH
212,2016,Moises Henriques,SRH
212,2017,Moises Henriques,SRH
213,2009,Charl Langeveldt,KKR
213,2010,Charl Langeveldt,KKR
213,2011,Charl Langeveldt,RCB
213,2012,Charl Langeveldt,RCB
214,2009,Angelo Mathews,KKR
214,2010,Angelo Mathews,KKR
214,2011,Angelo Mathews,PW
214,2012,Angelo Mathews,PW
214,2013,Angelo Mathews,PW
214,2015,Angelo Mathews,DD
214,2017,Angelo Mathews,DD
215,2009,Morne van Wyk,KKR
216,2009,Rohan Banerjee,KKR
217,2009,Arindam Ghosh,KKR
218,2009,Mashrafe Mortaza,KKR
219,2009,Shoaib Shaikh,KKR
220,2009,Yashpal Singh,KKR
220,2011,Yashpal Singh,KTK
221,2009,Sourav Sarkar,KKR
222,2009,Ranadeb Bose,KXI
223,2009,Amanpreet Singh,KXI
223,2010,Amanpreet Singh,KXI
224,2009,Burt Cockley,KXI
225,2009,Vikramjeet Singh Malik,KXI
225,2010,Vikramjeet Singh Malik,KXI
225,2011,Vikramjeet Singh Malik,KXI
225,2012,Vikramjeet Singh Malik,KXI
225,2013,Vikramjeet Singh Malik,RR
225,2014,Vikramjeet Singh Malik,RR
225,2015,Vikramjeet Singh Malik,RR
225,2016,Vikramjeet Singh Malik,RCB
226,2009,Yusuf Abdulla,KXI
226,2010,Yusuf Abdulla,KXI
227,2009,Sahil Kukreja,KXI
228,2009,Ryan Ninan,KXI
228,2011,Ryan Ninan,RCB
228,2012,Ryan Ninan,RCB
229,2009,Ravikant Shukla,KXI
230,2009,Lasith Malinga,MI
230,2010,Lasith Malinga,MI
230,2011,Lasith Malinga,MI
230,2012,Lasith Malinga,MI
230,2013,Lasith Malinga,MI
230,2014,Lasith Malinga,MI
230,2015,Lasith Malinga,MI
230,2016,Lasith Malinga,MI
230,2017,Lasith Malinga,MI
231,2009,Mohammad Ashraful,MI
232,2009,Rahil Shaikh,MI
234,2009,Ryan McLaren,MI
234,2010,Ryan McLaren,MI
234,2011,Ryan McLaren,KXI
234,2013,Ryan McLaren,KKR
235,2009,Chetanya Nanda,MI
236,2008,Balachandra Akhil,RCB
236,2009,Balachandra Akhil,RCB
236,2010,Balachandra Akhil,RCB
236,2011,Balachandra Akhil,KTK
237,2009,Sreenath Aravind,RCB
237,2011,Sreenath Aravind,RCB
237,2012,Sreenath Aravind,RCB
237,2015,Sreenath Aravind,RCB
237,2016,Sreenath Aravind,RCB
237,2017,Sreenath Aravind,RCB
238,2009,Saurabh Bandekar,RCB
239,2009,Rajesh Bishnoi,RCB
240,2009,Nathan Bracken,RCB
241,2009,Dillon du Preez,RCB
241,2010,Dillon du Preez,RCB
242,2009,Udit Patel,RCB
243,2009,Jitendra Arun Patil,RCB
244,2009,RK Sabharwal,RCB
245,2009,Tinu Yohannan,RCB
246,2009,Rangaraj Suthesh,RCB
247,2009,Raajoo Bhatkal,RCB
247,2011,Raajoo Bhatkal,RCB
247,2012,Raajoo Bhatkal,RCB
248,2009,CM Gautam,RCB
248,2011,CM Gautam,RCB
248,2012,CM Gautam,RCB
248,2013,CM Gautam,DD
248,2014,CM Gautam,MI
248,2015,CM Gautam,DD
249,2009,Kedar Jadhav,RCB
249,2010,Kedar Jadhav,DD
249,2011,Kedar Jadhav,KTK
249,2013,Kedar Jadhav,DD
249,2014,Kedar Jadhav,DD
249,2015,Kedar Jadhav,DD
249,2016,Kedar Jadhav,RCB
249,2017,Kedar Jadhav,RCB
249,2018,Kedar Jadhav,CSK
250,2009,Ishank Jaggi,RCB
250,2011,Ishank Jaggi,DC
250,2012,Ishank Jaggi,DC
250,2017,Ishank Jaggi,KKR
250,2018,Ishank Jaggi,KKR
252,2009,Abhimanyu Mithun,RCB
252,2010,Abhimanyu Mithun,RCB
252,2011,Abhimanyu Mithun,RCB
252,2012,Abhimanyu Mithun,RCB
252,2013,Abhimanyu Mithun,RCB
252,2015,Abhimanyu Mithun,MI
252,2016,Abhimanyu Mithun,SRH
252,2017,Abhimanyu Mithun,SRH
253,2009,Jesse Ryder,RCB
253,2011,Jesse Ryder,PW
253,2012,Jesse Ryder,PW
253,2013,Jesse Ryder,DD
254,2009,Karn Sharma,RCB
254,2013,Karn Sharma,SRH
254,2014,Karn Sharma,SRH
254,2015,Karn Sharma,SRH
254,2016,Karn Sharma,SRH
254,2017,Karn Sharma,MI
254,2018,Karn Sharma,CSK
255,2009,Roelof van der Merwe,RCB
255,2010,Roelof van der Merwe,RCB
255,2011,Roelof van der Merwe,DD
255,2012,Roelof van der Merwe,DD
255,2013,Roelof van der Merwe,DD
256,2009,Johan Botha,RR
256,2010,Johan Botha,RR
256,2011,Johan Botha,RR
256,2012,Johan Botha,RR
256,2013,Johan Botha,DD
256,2015,Johan Botha,KKR
257,2009,Shane Harwood,RR
258,2009,Justin Langer,RR
259,2009,Mohammed Arif,RR
260,2009,Abhishek Raut,RR
260,2010,Abhishek Raut,RR
260,2011,Abhishek Raut,RR
260,2012,Abhishek Raut,RR
261,2009,Atul Sharma,RR
262,2009,Amit Singh,RR
262,2010,Amit Singh,RR
262,2011,Amit Singh,RR
262,2012,Amit Singh,RR
262,2013,Amit Singh,RR
263,2009,Shaun Tait,RR
263,2010,Shaun Tait,RR
263,2011,Shaun Tait,RR
263,2012,Shaun Tait,RR
263,2013,Shaun Tait,RR
264,2009,Paul Valthaty,RR
264,2011,Paul Valthaty,KXI
264,2012,Paul Valthaty,KXI
264,2013,Paul Valthaty,KXI
265,2009,Pushkaraj Sudhakar Chavan,RR
266,2009,Lee Carseldine,RR
267,2009,Raiphi Gomez,RR
267,2011,Raiphi Gomez,KTK
267,2012,Raiphi Gomez,PW
267,2013,Raiphi Gomez,PW
268,2009,Tyron Henderson,RR
269,2009,Kamran Khan,RR
269,2010,Kamran Khan,RR
269,2011,Kamran Khan,PW
269,2012,Kamran Khan,PW
270,2009,Abdulahad Malik,RR
271,2009,Naman Ojha,RR
271,2010,Naman Ojha,RR
271,2011,Naman Ojha,DD
271,2012,Naman Ojha,DD
271,2013,Naman Ojha,DD
271,2014,Naman Ojha,SRH
271,2015,Naman Ojha,SRH
271,2016,Naman Ojha,SRH
271,2017,Naman Ojha,SRH
271,2018,Naman Ojha,DD
272,2009,Rob Quiney,RR
273,2009,Gajendra Singh,RR
274,2010,Chandrasekar Ganapathy,CSK
275,2010,Thisara Perera,CSK
275,2011,Thisara Perera,KTK
275,2012,Thisara Perera,MI
275,2013,Thisara Perera,SRH
275,2014,Thisara Perera,KXI
275,2015,Thisara Perera,KXI
275,2016,Thisara Perera,RPS
276,2010,Hemang Badani,CSK
277,2010,Doug Bollinger,CSK
277,2011,Doug Bollinger,CSK
277,2012,Doug Bollinger,CSK
278,2010,Justin Kemp,CSK
279,2010,Ashish Reddy,DC
279,2011,Ashish Reddy,DC
279,2012,Ashish Reddy,DC
279,2013,Ashish Reddy,SRH
279,2014,Ashish Reddy,SRH
279,2015,Ashish Reddy,SRH
279,2016,Ashish Reddy,SRH
280,2010,Mitchell Marsh,DC
280,2011,Mitchell Marsh,PW
280,2012,Mitchell Marsh,PW
280,2013,Mitchell Marsh,PW
280,2016,Mitchell Marsh,RPS
281,2010,Kemar Roach,DC
282,2010,Bodapati Sumanth,DC
283,2010,Anirudh Singh,DC
284,2010,Mohnish Mishra,DC
284,2011,Mohnish Mishra,PW
284,2012,Mohnish Mishra,PW
285,2010,Rahul Sharma,DC
285,2011,Rahul Sharma,PW
285,2012,Rahul Sharma,PW
285,2013,Rahul Sharma,PW
285,2014,Rahul Sharma,DD
285,2015,Rahul Sharma,CSK
286,2010,Joginder Singh,DD
287,2010,Shashi Ranjan,DD
288,2010,Sarabjit Ladda,DD
288,2011,Sarabjit Ladda,KKR
288,2012,Sarabjit Ladda,KKR
288,2013,Sarabjit Ladda,KKR
288,2016,Sarabjit Ladda,GL
289,2010,Wayne Parnell,DD
289,2011,Wayne Parnell,PW
289,2012,Wayne Parnell,PW
289,2013,Wayne Parnell,PW
289,2014,Wayne Parnell,DD
290,2010,Sarandeep Singh,DD
291,2010,Rohan Gavaskar,KKR
292,2010,Chirag Pathak,KKR
293,2010,Varun Aaron,KKR
293,2011,Varun Aaron,DD
293,2012,Varun Aaron,DD
293,2014,Varun Aaron,RCB
293,2015,Varun Aaron,RCB
293,2016,Varun Aaron,RCB
293,2017,Varun Aaron,KXI
294,2010,Shane Bond,KKR
295,2010,Eklak Ahmid,KKR
296,2010,Harshad Khadiwale,KKR
296,2011,Harshad Khadiwale,PW
296,2012,Harshad Khadiwale,PW
297,2010,Cheteshwar Pujara,KKR
297,2011,Cheteshwar Pujara,RCB
297,2012,Cheteshwar Pujara,RCB
297,2013,Cheteshwar Pujara,RCB
297,2014,Cheteshwar Pujara,KXI
298,2010,Ganapathi Vignesh,KKR
298,2011,Ganapathi Vignesh,CSK
298,2012,Ganapathi Vignesh,CSK
299,2010,Mohnish Parmar,KKR
300,2010,Love Ablish,KXI
300,2011,Love Ablish,KXI
300,2012,Love Ablish,KXI
301,2010,Adrian Barath,KXI
302,2010,Reetinder Sodhi,KXI
303,2010,Shalabh Srivastava,KXI
303,2011,Shalabh Srivastava,KXI
303,2012,Shalabh Srivastava,KXI
304,2010,Rusty Theron,KXI
304,2011,Rusty Theron,DC
304,2012,Rusty Theron,DC
304,2015,Rusty Theron,RR
305,2010,Bipul Sharma,KXI
305,2011,Bipul Sharma,KXI
305,2012,Bipul Sharma,KXI
305,2013,Bipul Sharma,KXI
305,2015,Bipul Sharma,SRH
305,2016,Bipul Sharma,SRH
305,2017,Bipul Sharma,SRH
305,2018,Bipul Sharma,SRH
306,2009,Ravi Bopara,KXI
306,2010,Ravi Bopara,KXI
306,2015,Ravi Bopara,SRH
307,2010,Ishan Malhotra,MI
307,2011,Ishan Malhotra,DC
308,2010,Ali Murtaza,MI
308,2011,Ali Murtaza,MI
308,2012,Ali Murtaza,PW
308,2013,Ali Murtaza,PW
309,2010,Ambati Rayudu,MI
309,2011,Ambati Rayudu,MI
309,2012,Ambati Rayudu,MI
309,2013,Ambati Rayudu,MI
309,2014,Ambati Rayudu,MI
309,2015,Ambati Rayudu,MI
309,2016,Ambati Rayudu,MI
309,2017,Ambati Rayudu,MI
309,2018,Ambati Rayudu,CSK
310,2010,Syed Sahabuddin,MI
311,2010,Aditya Tare,MI
311,2011,Aditya Tare,MI
311,2012,Aditya Tare,MI
311,2013,Aditya Tare,MI
311,2014,Aditya Tare,MI
311,2015,Aditya Tare,MI
311,2016,Aditya Tare,SRH
311,2017,Aditya Tare,DD
311,2018,Aditya Tare,MI
312,2010,Abu Nechim,MI
312,2011,Abu Nechim,MI
312,2012,Abu Nechim,MI
312,2013,Abu Nechim,MI
312,2014,Abu Nechim,RCB
312,2015,Abu Nechim,RCB
312,2016,Abu Nechim,RCB
313,2010,Chandan Madan,MI
313,2011,Chandan Madan,KTK
314,2009,Graham Napier,MI
314,2010,Graham Napier,MI
315,2010,Kieron Pollard,MI
315,2011,Kieron Pollard,MI
315,2012,Kieron Pollard,MI
315,2013,Kieron Pollard,MI
315,2014,Kieron Pollard,MI
315,2015,Kieron Pollard,MI
315,2016,Kieron Pollard,MI
315,2017,Kieron Pollard,MI
315,2018,Kieron Pollard,MI
316,2010,Rajagopal Sathish,MI
316,2011,Rajagopal Sathish,MI
316,2012,Rajagopal Sathish,KXI
316,2013,Rajagopal Sathish,KXI
316,2016,Rajagopal Sathish,KKR
317,2010,Rahul Shukla,MI
317,2012,Rahul Shukla,MI
317,2013,Rahul Shukla,RR
317,2014,Rahul Shukla,DD
318,2010,Eoin Morgan,RCB
318,2011,Eoin Morgan,KKR
318,2012,Eoin Morgan,KKR
318,2013,Eoin Morgan,KKR
318,2015,Eoin Morgan,SRH
318,2016,Eoin Morgan,SRH
318,2017,Eoin Morgan,KXI
319,2009,Kevin Pietersen,RCB
319,2010,Kevin Pietersen,RCB
319,2011,Kevin Pietersen,DC
319,2012,Kevin Pietersen,DD
319,2013,Kevin Pietersen,DD
319,2014,Kevin Pietersen,DD
319,2016,Kevin Pietersen,RPS
320,2010,Sridharan Sriram,RCB
320,2011,Sridharan Sriram,DD
321,2010,Steven Smith,RCB
321,2011,Steven Smith,KTK
321,2012,Steven Smith,PW
321,2013,Steven Smith,PW
321,2014,Steven Smith,RR
321,2015,Steven Smith,RR
321,2016,Steven Smith,RPS
321,2017,Steven Smith,RPS
321,2018,Steven Smith,RR
322,2010,Aaron Finch,RR
322,2011,Aaron Finch,DD
322,2012,Aaron Finch,DD
322,2013,Aaron Finch,PW
322,2014,Aaron Finch,SRH
322,2015,Aaron Finch,MI
322,2016,Aaron Finch,GL
322,2017,Aaron Finch,GL
322,2018,Aaron Finch,KXI
323,2010,Syed Quadri,RR
323,2012,Syed Quadri,DC
324,2010,Adam Voges,RR
325,2010,Faiz Fazal,RR
325,2011,Faiz Fazal,RR
325,2012,Faiz Fazal,RR
326,2010,Abhishek Jhunjhunwala,RR
326,2011,Abhishek Jhunjhunwala,PW
326,2012,Abhishek Jhunjhunwala,DC
327,2010,Michael Lumb,RR
327,2011,Michael Lumb,DC
328,2010,Sumit Narwal,RR
328,2011,Sumit Narwal,RR
328,2012,Sumit Narwal,RR
328,2013,Sumit Narwal,KKR
328,2015,Sumit Narwal,KKR
329,2010,Amit Paunikar,RR
329,2011,Amit Paunikar,RR
329,2012,Amit Paunikar,RR
329,2014,Amit Paunikar,SRH
330,2010,Amit Uniyal,RR
331,2010,Shrikant Wagh,RR
331,2011,Shrikant Wagh,PW
331,2012,Shrikant Wagh,PW
331,2013,Shrikant Wagh,PW
332,2010,Damien Martyn,RR
333,2011,Faf du Plessis,CSK
333,2012,Faf du Plessis,CSK
333,2013,Faf du Plessis,CSK
333,2014,Faf du Plessis,CSK
333,2015,Faf du Plessis,CSK
333,2016,Faf du Plessis,RPS
333,2017,Faf du Plessis,RPS
333,2018,Faf du Plessis,CSK
334,2011,Ben Hilfenhaus,CSK
334,2012,Ben Hilfenhaus,CSK
334,2013,Ben Hilfenhaus,CSK
334,2014,Ben Hilfenhaus,CSK
334,2015,Ben Hilfenhaus,MI
334,2017,Ben Hilfenhaus,DD
335,2011,Suraj Randiv,CSK
335,2012,Suraj Randiv,CSK
336,2011,Nuwan Kulasekara,CSK
336,2012,Nuwan Kulasekara,CSK
336,2013,Nuwan Kulasekara,CSK
337,2011,Tim Southee,CSK
337,2014,Tim Southee,RR
337,2015,Tim Southee,RR
337,2016,Tim Southee,MI
337,2017,Tim Southee,MI
337,2018,Tim Southee,RCB
338,2011,K Vasudevadas,CSK
338,2012,K Vasudevadas,CSK
339,2011,Anand Rajan,DC
339,2012,Anand Rajan,DC
339,2013,Anand Rajan,SRH
340,2011,Ankit Sharma,DC
340,2012,Ankit Sharma,DC
340,2013,Ankit Sharma,SRH
340,2014,Ankit Sharma,RR
340,2015,Ankit Sharma,RR
340,2016,Ankit Sharma,RPS
340,2017,Ankit Sharma,RPS
340,2018,Ankit Sharma,RR
341,2011,Daniel Christian,DC
341,2012,Daniel Christian,DC
341,2013,Daniel Christian,RCB
341,2017,Daniel Christian,RPS
341,2018,Daniel Christian,DD
342,2011,Kedar Devdhar,DC
342,2012,Kedar Devdhar,DC
343,2011,Chris Lynn,DC
343,2012,Chris Lynn,DC
343,2013,Chris Lynn,SRH
343,2014,Chris Lynn,KKR
343,2016,Chris Lynn,KKR
343,2017,Chris Lynn,KKR
343,2018,Chris Lynn,KKR
344,2011,Akash Bhandari,DC
344,2012,Akash Bhandari,DC
345,2011,Travis Birt,DD
345,2012,Travis Birt,DD
346,2011,Robin Bist,DD
346,2012,Robin Bist,DD
347,2011,Unmukt Chand,DD
347,2012,Unmukt Chand,DD
347,2013,Unmukt Chand,DD
347,2014,Unmukt Chand,RR
347,2015,Unmukt Chand,MI
347,2016,Unmukt Chand,MI
348,2011,Ajit Chandila,DD
348,2012,Ajit Chandila,RR
348,2013,Ajit Chandila,RR
349,2011,Robert Frylinck,DD
350,2011,Colin Ingram,DD
350,2012,Colin Ingram,DD
351,2011,Shahbaz Nadeem,DD
351,2012,Shahbaz Nadeem,DD
351,2013,Shahbaz Nadeem,DD
351,2014,Shahbaz Nadeem,DD
351,2015,Shahbaz Nadeem,DD
351,2016,Shahbaz Nadeem,DD
351,2017,Shahbaz Nadeem,DD
351,2018,Shahbaz Nadeem,DD
352,2011,Prashant Naik,DD
352,2012,Prashant Naik,DD
353,2011,Vikas Mishra,DD
353,2012,Vikas Mishra,DD
354,2011,Matthew Wade,DD
355,2011,Vivek Yadav,DD
356,2011,Brad Haddin,KKR
356,2012,Brad Haddin,KKR
356,2013,Brad Haddin,KKR
357,2011,James Pattinson,KKR
357,2012,James Pattinson,KKR
357,2013,James Pattinson,KKR
359,2011,Shakib Al Hasan,KKR
359,2012,Shakib Al Hasan,KKR
359,2013,Shakib Al Hasan,KKR
359,2014,Shakib Al Hasan,KKR
359,2015,Shakib Al Hasan,KKR
359,2016,Shakib Al Hasan,KKR
359,2017,Shakib Al Hasan,KKR
359,2018,Shakib Al Hasan,SRH
360,2011,Ryan ten Doeschate,KKR
360,2012,Ryan ten Doeschate,KKR
360,2013,Ryan ten Doeschate,KKR
360,2014,Ryan ten Doeschate,KKR
360,2015,Ryan ten Doeschate,KKR
361,2010,Jaydev Unadkat,KKR
361,2011,Jaydev Unadkat,KKR
361,2012,Jaydev Unadkat,KKR
361,2013,Jaydev Unadkat,RCB
361,2014,Jaydev Unadkat,DD
361,2015,Jaydev Unadkat,DD
361,2016,Jaydev Unadkat,KKR
361,2017,Jaydev Unadkat,RPS
361,2018,Jaydev Unadkat,RR
362,2011,Deepak Chougule,KTK
363,2011,Gnaneswara Rao,KTK
364,2011,John Hastings,KTK
364,2014,John Hastings,CSK
364,2016,John Hastings,KKR
365,2011,Michael Klinger,KTK
366,2011,Sushant Marathe,KTK
366,2012,Sushant Marathe,MI
366,2013,Sushant Marathe,MI
366,2014,Sushant Marathe,MI
367,2011,Steve OKeefe,KTK
368,2011,Prasanth Padmanabhan,KTK
368,2013,Prasanth Padmanabhan,SRH
368,2015,Prasanth Padmanabhan,SRH
369,2011,Prasanth Parameswaran,KTK
369,2012,Prasanth Parameswaran,RCB
369,2013,Prasanth Parameswaran,RCB
369,2014,Prasanth Parameswaran,SRH
370,2008,Amit Yadav,DC
370,2011,Amit Yadav,KXI
370,2012,Amit Yadav,KXI
371,2011,Bhargav Bhatt,KXI
371,2012,Bhargav Bhatt,KXI
371,2013,Bhargav Bhatt,KXI
372,2010,Paras Dogra,RR
372,2011,Paras Dogra,KXI
372,2012,Paras Dogra,KXI
372,2013,Paras Dogra,KKR
372,2016,Paras Dogra,GL
373,2010,Mandeep Singh,KKR
373,2011,Mandeep Singh,KXI
373,2012,Mandeep Singh,KXI
373,2013,Mandeep Singh,KXI
373,2014,Mandeep Singh,KXI
373,2015,Mandeep Singh,RCB
373,2016,Mandeep Singh,RCB
373,2017,Mandeep Singh,RCB
373,2018,Mandeep Singh,RCB
374,2011,Nathan Rimmington,KXI
374,2012,Nathan Rimmington,KXI
375,2011,Sunny Singh,KXI
375,2012,Sunny Singh,KXI
375,2013,Sunny Singh,KXI
376,2011,Stuart Broad,KXI
376,2012,Stuart Broad,KXI
377,2008,Dimitri Mascarenhas,RR
377,2009,Dimitri Mascarenhas,RR
377,2010,Dimitri Mascarenhas,RR
377,2011,Dimitri Mascarenhas,KXI
377,2012,Dimitri Mascarenhas,KXI
377,2013,Dimitri Mascarenhas,KXI
378,2011,David Miller,KXI
378,2012,David Miller,KXI
378,2013,David Miller,KXI
378,2014,David Miller,KXI
378,2015,David Miller,KXI
378,2016,David Miller,KXI
378,2017,David Miller,KXI
378,2018,David Miller,KXI
379,2011,Aiden Blizzard,MI
379,2012,Aiden Blizzard,MI
379,2013,Aiden Blizzard,MI
379,2015,Aiden Blizzard,MI
381,2011,James Franklin,MI
381,2012,James Franklin,MI
381,2013,James Franklin,MI
382,2011,Davy Jacobs,MI
382,2012,Davy Jacobs,MI
383,2011,Sarul Kanwar,MI
384,2011,Pawan Suyal,MI
384,2012,Pawan Suyal,MI
384,2013,Pawan Suyal,MI
384,2014,Pawan Suyal,MI
384,2015,Pawan Suyal,MI
384,2016,Pawan Suyal,DD
385,2011,Santosh Yadav,MI
386,2011,Surya Kumar Yadav,MI
386,2012,Surya Kumar Yadav,MI
386,2013,Surya Kumar Yadav,MI
386,2014,Surya Kumar Yadav,KKR
386,2015,Surya Kumar Yadav,KKR
386,2016,Surya Kumar Yadav,KKR
386,2017,Surya Kumar Yadav,KKR
386,2018,Surya Kumar Yadav,MI
387,2011,Clint McKay,MI
387,2012,Clint McKay,MI
387,2013,Clint McKay,SRH
388,2011,Ray Price,MI
389,2011,Eklavya Dwivedi,PW
389,2012,Eklavya Dwivedi,PW
389,2013,Eklavya Dwivedi,PW
389,2015,Eklavya Dwivedi,CSK
389,2016,Eklavya Dwivedi,GL
389,2017,Eklavya Dwivedi,SRH
390,2011,Imtiaz Ahmed,PW
390,2013,Imtiaz Ahmed,CSK
391,2011,Callum Ferguson,PW
391,2012,Callum Ferguson,PW
392,2011,Ganesh Gaikwad,PW
393,2011,Harpreet Singh,PW
393,2012,Harpreet Singh,PW
393,2013,Harpreet Singh,PW
393,2017,Harpreet Singh,RCB
394,2011,Dheeraj Jadhav,PW
394,2012,Dheeraj Jadhav,PW
394,2013,Dheeraj Jadhav,PW
395,2011,Nathan McCullum,PW
395,2012,Nathan McCullum,PW
395,2013,Nathan McCullum,SRH
396,2011,Shrikant Mundhe,PW
397,2011,Tim Paine,PW
398,2011,Sachin Rana,PW
398,2012,Sachin Rana,PW
398,2013,Sachin Rana,SRH
398,2014,Sachin Rana,RCB
399,2011,Jerome Taylor,PW
399,2016,Jerome Taylor,MI
400,2011,Alfonso Thomas,PW
400,2012,Alfonso Thomas,PW
401,2011,James Faulkner,PW
401,2012,James Faulkner,KXI
401,2013,James Faulkner,RR
401,2014,James Faulkner,RR
401,2015,James Faulkner,RR
401,2016,James Faulkner,GL
401,2017,James Faulkner,GL
402,2011,Mayank Agarwal,RCB
402,2012,Mayank Agarwal,RCB
402,2013,Mayank Agarwal,RCB
402,2014,Mayank Agarwal,DD
402,2015,Mayank Agarwal,DD
402,2016,Mayank Agarwal,DD
402,2017,Mayank Agarwal,RPS
402,2018,Mayank Agarwal,KXI
403,2011,Bhareth NP,RCB
404,2011,Nuwan Pradeep,RCB
405,2011,Abrar Kazi,RCB
405,2012,Abrar Kazi,RCB
406,2011,Asad Pathan,RCB
406,2012,Asad Pathan,RCB
407,2011,Rilee Rossouw,RCB
407,2012,Rilee Rossouw,RCB
407,2014,Rilee Rossouw,RCB
407,2015,Rilee Rossouw,RCB
408,2011,Johan van der Wath,RCB
409,2011,Jonathan Vandiar,RCB
410,2011,JS Mohammad,RCB
410,2012,JS Mohammad,RCB
410,2013,JS Mohammad,RCB
411,2010,Stuart Binny,MI
411,2011,Stuart Binny,RR
411,2012,Stuart Binny,RR
411,2013,Stuart Binny,RR
411,2014,Stuart Binny,RR
411,2015,Stuart Binny,RR
411,2016,Stuart Binny,RCB
411,2017,Stuart Binny,RCB
411,2018,Stuart Binny,RR
412,2011,Deepak Chahar,RR
412,2012,Deepak Chahar,RR
412,2016,Deepak Chahar,RPS
412,2017,Deepak Chahar,RPS
412,2018,Deepak Chahar,CSK
413,2010,Aditya Dole,RR
413,2011,Aditya Dole,RR
413,2012,Aditya Dole,RR
414,2010,Nayan Doshi,RCB
414,2011,Nayan Doshi,RR
415,2011,Samad Fallah,RR
415,2012,Samad Fallah,RR
416,2011,Ashok Menaria,RR
416,2012,Ashok Menaria,RR
416,2013,Ashok Menaria,RR
417,2011,Dishant Yagnik,RR
417,2012,Dishant Yagnik,RR
417,2013,Dishant Yagnik,RR
417,2014,Dishant Yagnik,RR
417,2015,Dishant Yagnik,RR
418,2012,Darren Bravo,DC
418,2017,Darren Bravo,KKR
419,2012,Daniel Harris,DC
420,2012,Tanmay Mishra,DC
420,2014,Tanmay Mishra,RCB
421,2012,TP Sudhindra,DC
422,2012,Atchuta Rao,DC
423,2012,Veer Pratap Singh,DC
423,2013,Veer Pratap Singh,SRH
423,2014,Veer Pratap Singh,KKR
423,2015,Veer Pratap Singh,KKR
424,2012,Sneha Kishore,DC
425,2012,Biplab Samantray,DC
425,2013,Biplab Samantray,SRH
426,2012,Akshath Reddy,DC
426,2013,Akshath Reddy,SRH
427,2012,Gulam Bodi,DD
427,2013,Gulam Bodi,DD
428,2012,Doug Bracewell,DD
429,2012,Glenn Maxwell,DD
429,2013,Glenn Maxwell,MI
429,2014,Glenn Maxwell,KXI
429,2015,Glenn Maxwell,KXI
429,2016,Glenn Maxwell,KXI
429,2017,Glenn Maxwell,KXI
429,2018,Glenn Maxwell,DD
430,2012,Andre Russell,DD
430,2013,Andre Russell,DD
430,2014,Andre Russell,KKR
430,2015,Andre Russell,KKR
430,2016,Andre Russell,KKR
430,2018,Andre Russell,KKR
431,2012,Manprit Juneja,DD
431,2013,Manprit Juneja,DD
431,2014,Manprit Juneja,SRH
432,2012,Puneet Bisht,DD
433,2012,Pawan Negi,DD
433,2013,Pawan Negi,DD
433,2014,Pawan Negi,CSK
433,2015,Pawan Negi,CSK
433,2016,Pawan Negi,DD
433,2017,Pawan Negi,RCB
433,2018,Pawan Negi,RCB
434,2012,Kuldeep Raval,DD
435,2012,Sunny Gupta,DD
436,2012,Marchant de Lange,KKR
436,2014,Marchant de Lange,MI
436,2015,Marchant de Lange,MI
436,2016,Marchant de Lange,MI
437,2012,Sunil Narine,KKR
437,2013,Sunil Narine,KKR
437,2014,Sunil Narine,KKR
437,2015,Sunil Narine,KKR
437,2016,Sunil Narine,KKR
437,2017,Sunil Narine,KKR
437,2018,Sunil Narine,KKR
438,2012,Chirag Jani,KKR
439,2012,Sanju Samson,KKR
439,2013,Sanju Samson,RR
439,2014,Sanju Samson,RR
439,2015,Sanju Samson,RR
439,2016,Sanju Samson,DD
439,2017,Sanju Samson,DD
439,2018,Sanju Samson,RR
440,2012,Iresh Saxena,KKR
441,2012,Azhar Mahmood,KXI
441,2013,Azhar Mahmood,KXI
441,2015,Azhar Mahmood,KKR
442,2012,Parvinder Awana,KXI
442,2013,Parvinder Awana,KXI
442,2014,Parvinder Awana,KXI
442,2015,Parvinder Awana,KXI
443,2012,Gurkeerat Singh Mann,KXI
443,2013,Gurkeerat Singh Mann,KXI
443,2014,Gurkeerat Singh Mann,KXI
443,2015,Gurkeerat Singh Mann,KXI
443,2016,Gurkeerat Singh Mann,KXI
443,2017,Gurkeerat Singh Mann,KXI
443,2018,Gurkeerat Singh Mann,DD
445,2012,Richard Levi,MI
446,2012,Robin Peterson,MI
447,2012,Amitoze Singh,MI
447,2013,Amitoze Singh,MI
448,2012,Sujit Nayak,MI
448,2013,Sujit Nayak,DD
449,2012,Apoorv Wankhade,MI
449,2014,Apoorv Wankhade,MI
449,2018,Apoorv Wankhade,KKR
450,2012,Marlon Samuels,PW
450,2013,Marlon Samuels,PW
450,2017,Marlon Samuels,DD
451,2012,Luke Wright,PW
451,2013,Luke Wright,PW
452,2012,Anustup Majumdar,PW
452,2013,Anustup Majumdar,PW
453,2012,Krishnakant Upadhyay,PW
453,2013,Krishnakant Upadhyay,PW
454,2012,Tamim Iqbal,PW
454,2013,Tamim Iqbal,PW
455,2012,Michael Clarke,PW
455,2013,Michael Clarke,PW
456,2012,Harshal Patel,RCB
456,2013,Harshal Patel,RCB
456,2014,Harshal Patel,RCB
456,2015,Harshal Patel,RCB
456,2016,Harshal Patel,RCB
456,2017,Harshal Patel,RCB
456,2018,Harshal Patel,DD
457,2012,Vijay Zol,RCB
457,2013,Vijay Zol,RCB
457,2014,Vijay Zol,RCB
457,2015,Vijay Zol,RCB
458,2012,Karun Nair,RCB
458,2013,Karun Nair,RCB
458,2014,Karun Nair,RR
458,2015,Karun Nair,RR
458,2016,Karun Nair,DD
458,2017,Karun Nair,DD
458,2018,Karun Nair,KXI
459,2012,Dinesh Chandimal,RR
460,2012,Kevon Cooper,RR
460,2013,Kevon Cooper,RR
460,2014,Kevon Cooper,RR
461,2012,Brad Hogg,RR
461,2013,Brad Hogg,RR
461,2015,Brad Hogg,KKR
461,2016,Brad Hogg,KKR
462,2013,Baba Aparajith,CSK
462,2014,Baba Aparajith,CSK
462,2015,Baba Aparajith,CSK
462,2016,Baba Aparajith,RPS
462,2017,Baba Aparajith,RPS
464,2013,Akila Dhananjaya,CSK
464,2018,Akila Dhananjaya,MI
465,2013,Chris Morris,CSK
465,2015,Chris Morris,RR
465,2016,Chris Morris,DD
465,2017,Chris Morris,DD
465,2018,Chris Morris,DD
466,2013,Jason Holder,CSK
466,2014,Jason Holder,SRH
466,2016,Jason Holder,KKR
467,2013,Ben Laughlin,CSK
467,2017,Ben Laughlin,SRH
467,2018,Ben Laughlin,RR
468,2013,Ronit More,CSK
468,2014,Ronit More,CSK
468,2015,Ronit More,CSK
469,2013,Mohit Sharma,CSK
469,2014,Mohit Sharma,CSK
469,2015,Mohit Sharma,CSK
469,2016,Mohit Sharma,KXI
469,2017,Mohit Sharma,KXI
469,2018,Mohit Sharma,KXI
471,2013,Ankit Rajput,CSK
471,2016,Ankit Rajput,KKR
471,2017,Ankit Rajput,KKR
471,2018,Ankit Rajput,KXI
472,2013,R Karthikeyan,CSK
473,2013,Jeevan Mendis,DD
474,2013,Aristh Singhvi,DD
475,2013,Royston Dias,DD
476,2013,Ben Rohrer,DD
477,2013,Sachithra Senanayake,KKR
478,2013,Manan Vohra,KXI
478,2014,Manan Vohra,KXI
478,2015,Manan Vohra,KXI
478,2016,Manan Vohra,KXI
478,2017,Manan Vohra,KXI
478,2018,Manan Vohra,RCB
479,2013,Sandeep Sharma,KXI
479,2014,Sandeep Sharma,KXI
479,2015,Sandeep Sharma,KXI
479,2016,Sandeep Sharma,KXI
479,2017,Sandeep Sharma,KXI
479,2018,Sandeep Sharma,SRH
480,2013,Aniket Choudhary,KXI
480,2017,Aniket Choudhary,RCB
480,2018,Aniket Choudhary,RCB
481,2013,Michael Neser,KXI
482,2013,Jalaj Saxena,MI
482,2015,Jalaj Saxena,RCB
483,2013,Phillip Hughes,MI
484,2013,Nathan Coulter-Nile,MI
484,2014,Nathan Coulter-Nile,DD
484,2015,Nathan Coulter-Nile,DD
484,2016,Nathan Coulter-Nile,DD
484,2017,Nathan Coulter-Nile,KKR
484,2018,Nathan Coulter-Nile,RCB
485,2013,Axar Patel,MI
485,2014,Axar Patel,KXI
485,2015,Axar Patel,KXI
485,2016,Axar Patel,KXI
485,2017,Axar Patel,KXI
485,2018,Axar Patel,KXI
486,2013,Javed Khan,MI
487,2013,Jasprit Bumrah,MI
487,2014,Jasprit Bumrah,MI
487,2015,Jasprit Bumrah,MI
487,2016,Jasprit Bumrah,MI
487,2017,Jasprit Bumrah,MI
487,2018,Jasprit Bumrah,MI
488,2013,Ishwar Pandey,PW
488,2014,Ishwar Pandey,CSK
488,2015,Ishwar Pandey,CSK
488,2016,Ishwar Pandey,RPS
488,2017,Ishwar Pandey,RPS
489,2013,Udit Birla,PW
490,2013,Kane Richardson,PW
490,2014,Kane Richardson,RR
490,2016,Kane Richardson,RCB
491,2013,Parvez Rasool,PW
491,2014,Parvez Rasool,SRH
491,2015,Parvez Rasool,SRH
491,2016,Parvez Rasool,RCB
492,2013,Sandeep Warrier,RCB
492,2014,Sandeep Warrier,RCB
492,2015,Sandeep Warrier,RCB
493,2013,Ravi Rampaul,RCB
493,2014,Ravi Rampaul,RCB
494,2013,Christopher Barnwell,RCB
495,2013,Sheldon Jackson,RCB
495,2015,Sheldon Jackson,KKR
495,2016,Sheldon Jackson,KKR
495,2017,Sheldon Jackson,KKR
497,2013,Samuel Badree,RR
497,2014,Samuel Badree,CSK
497,2015,Samuel Badree,CSK
497,2016,Samuel Badree,RCB
497,2017,Samuel Badree,RCB
498,2013,Kusal Perera,RR
499,2013,Pravin Tambe,RR
499,2014,Pravin Tambe,RR
499,2015,Pravin Tambe,RR
499,2016,Pravin Tambe,GL
499,2017,Pravin Tambe,SRH
500,2013,Sachin Baby,RR
500,2016,Sachin Baby,RCB
500,2017,Sachin Baby,RCB
500,2018,Sachin Baby,SRH
501,2013,Kumar Boresa,RR
502,2013,Quinton de Kock,SRH
502,2014,Quinton de Kock,DD
502,2015,Quinton de Kock,DD
502,2016,Quinton de Kock,DD
502,2018,Quinton de Kock,RCB
503,2013,Darren Sammy,SRH
503,2014,Darren Sammy,SRH
503,2015,Darren Sammy,RCB
503,2017,Darren Sammy,KXI
504,2013,Thalaivan Sargunam,SRH
505,2013,G H Vihari,SRH
505,2015,G H Vihari,SRH
506,2014,Matt Henry,CSK
506,2015,Matt Henry,CSK
506,2017,Matt Henry,KXI
507,2014,Imran Tahir,DD
507,2015,Imran Tahir,DD
507,2016,Imran Tahir,DD
507,2017,Imran Tahir,RPS
507,2018,Imran Tahir,CSK
508,2014,James Neesham,DD
509,2014,Milind Kumar,DD
510,2014,HS Sharath,DD
511,2014,Jayant Yadav,DD
511,2015,Jayant Yadav,DD
511,2016,Jayant Yadav,DD
511,2017,Jayant Yadav,DD
511,2018,Jayant Yadav,DD
512,2012,Kuldeep Yadav,MI
512,2014,Kuldeep Yadav,KKR
512,2015,Kuldeep Yadav,KKR
512,2016,Kuldeep Yadav,KKR
512,2017,Kuldeep Yadav,KKR
512,2018,Kuldeep Yadav,KKR
513,2014,Sayan Mondal,KKR
514,2014,Pat Cummins,KKR
514,2015,Pat Cummins,KKR
514,2017,Pat Cummins,DD
514,2018,Pat Cummins,MI
515,2014,Beuran Hendricks,KXI
515,2015,Beuran Hendricks,KXI
516,2014,Karanveer Singh,KXI
516,2015,Karanveer Singh,KXI
517,2014,Shivam Sharma,KXI
517,2015,Shivam Sharma,KXI
518,2014,Shardul Thakur,KXI
518,2015,Shardul Thakur,KXI
518,2016,Shardul Thakur,KXI
518,2017,Shardul Thakur,RPS
518,2018,Shardul Thakur,CSK
519,2014,Corey Anderson,MI
519,2015,Corey Anderson,MI
519,2016,Corey Anderson,MI
519,2017,Corey Anderson,DD
520,2014,Josh Hazlewood,MI
521,2014,Shreyas Gopal,MI
521,2015,Shreyas Gopal,MI
521,2016,Shreyas Gopal,MI
521,2017,Shreyas Gopal,MI
521,2018,Shreyas Gopal,RR
522,2014,Krishmar Santokie,MI
523,2014,Ben Dunk,MI
524,2014,Lendl Simmons,MI
524,2015,Lendl Simmons,MI
524,2016,Lendl Simmons,MI
524,2017,Lendl Simmons,MI
526,2014,Ben Cutting,RR
526,2015,Ben Cutting,RR
526,2016,Ben Cutting,SRH
526,2017,Ben Cutting,SRH
526,2018,Ben Cutting,MI
527,2014,Ankush Bains,RR
527,2015,Ankush Bains,CSK
527,2016,Ankush Bains,RPS
527,2017,Ankush Bains,RPS
528,2014,Rahul Tewatia,RR
528,2015,Rahul Tewatia,RR
528,2017,Rahul Tewatia,KXI
528,2018,Rahul Tewatia,DD
529,2014,Deepak Hooda,RR
529,2015,Deepak Hooda,RR
529,2016,Deepak Hooda,SRH
529,2017,Deepak Hooda,SRH
529,2018,Deepak Hooda,SRH
530,2014,Brendan Taylor,SRH
531,2014,Ricky Bhui,SRH
531,2015,Ricky Bhui,SRH
531,2016,Ricky Bhui,SRH
531,2017,Ricky Bhui,SRH
531,2018,Ricky Bhui,SRH
532,2014,Chama Milind,SRH
532,2015,Chama Milind,SRH
532,2016,Chama Milind,DD
532,2017,Chama Milind,DD
533,2015,Kyle Abbott,CSK
533,2016,Kyle Abbott,KXI
534,2015,Pratyush Singh,CSK
534,2016,Pratyush Singh,DD
534,2017,Pratyush Singh,DD
535,2015,Andrew Tye,CSK
535,2016,Andrew Tye,GL
535,2017,Andrew Tye,GL
535,2018,Andrew Tye,KXI
536,2015,Gurinder Sandhu,DD
537,2015,Shreyas Iyer,DD
537,2016,Shreyas Iyer,DD
537,2017,Shreyas Iyer,DD
537,2018,Shreyas Iyer,DD
538,2015,Travis Head,DD
538,2016,Travis Head,RCB
538,2017,Travis Head,RCB
539,2015,Srikar Bharat,DD
540,2015,Marcus Stoinis,DD
540,2016,Marcus Stoinis,KXI
540,2017,Marcus Stoinis,KXI
540,2018,Marcus Stoinis,KXI
541,2015,Domnic Muthuswami,DD
542,2015,KK Jiyas,DD
543,2015,Aditya Garhwal,KKR
544,2015,KC Cariappa,KKR
544,2016,KC Cariappa,KXI
544,2017,KC Cariappa,KXI
545,2015,Vaibhav Rawal,KKR
546,2015,Nikhil Naik,KXI
546,2016,Nikhil Naik,KXI
546,2017,Nikhil Naik,KXI
547,2015,Yogesh Golwalkar,KXI
548,2015,Colin Munro,MI
548,2016,Colin Munro,KKR
548,2018,Colin Munro,DD
549,2015,Mitchell McClenaghan,MI
549,2016,Mitchell McClenaghan,MI
549,2017,Mitchell McClenaghan,MI
550,2015,Akshay Wakhare,MI
550,2016,Akshay Wakhare,MI
551,2015,Nitish Rana,MI
551,2016,Nitish Rana,MI
551,2017,Nitish Rana,MI
551,2018,Nitish Rana,KKR
553,2015,Hardik Pandya,MI
553,2016,Hardik Pandya,MI
553,2017,Hardik Pandya,MI
553,2018,Hardik Pandya,MI
554,2015,Jagadeesha Suchith,MI
554,2016,Jagadeesha Suchith,MI
554,2017,Jagadeesha Suchith,MI
555,2015,Alex Hales,MI
556,2014,Nic Maddinson,RCB
556,2015,Nic Maddinson,RCB
557,2015,Sean Abbott,RCB
558,2015,David Wiese,RCB
558,2016,David Wiese,RCB
559,2015,Sarfaraz Khan,RCB
559,2016,Sarfaraz Khan,RCB
559,2017,Sarfaraz Khan,RCB
559,2018,Sarfaraz Khan,RCB
560,2015,Shishir Bhavane,RCB
561,2015,Pardeep Sahu,RR
561,2016,Pardeep Sahu,KXI
561,2017,Pardeep Sahu,KXI
562,2015,Barinder Sran,RR
562,2016,Barinder Sran,SRH
562,2017,Barinder Sran,SRH
562,2018,Barinder Sran,KXI
563,2015,Sagar Trivedi,RR
564,2015,Kane Williamson,SRH
564,2016,Kane Williamson,SRH
564,2017,Kane Williamson,SRH
564,2018,Kane Williamson,SRH
565,2015,Trent Boult,SRH
565,2016,Trent Boult,SRH
565,2017,Trent Boult,KKR
565,2018,Trent Boult,DD
567,2016,Carlos Brathwaite,DD
567,2017,Carlos Brathwaite,DD
567,2018,Carlos Brathwaite,SRH
568,2016,Akhil Herwadkar,DD
569,2016,Joel Paris,DD
570,2016,Sam Billings,DD
570,2017,Sam Billings,DD
570,2018,Sam Billings,CSK
571,2016,Mahipal Lomror,DD
571,2018,Mahipal Lomror,RR
572,2016,Rishabh Pant,DD
572,2017,Rishabh Pant,DD
572,2018,Rishabh Pant,DD
573,2016,Akshdeep Nath,GL
573,2017,Akshdeep Nath,GL
573,2018,Akshdeep Nath,KXI
574,2016,Ishan Kishan,GL
574,2017,Ishan Kishan,GL
574,2018,Ishan Kishan,MI
575,2016,Shivil Koushik,GL
575,2017,Shivil Koushik,GL
576,2016,Manan Sharma,KKR
577,2016,Farhaan Behardien,KXI
578,2016,Armaan Jaffer,KXI
578,2017,Armaan Jaffer,KXI
579,2016,Kishore Kamat,MI
580,2016,Deepak Punia,MI
580,2017,Deepak Punia,MI
581,2016,Jos Buttler,MI
581,2017,Jos Buttler,MI
581,2018,Jos Buttler,RR
582,2016,Krunal Pandya,MI
582,2017,Krunal Pandya,MI
582,2018,Krunal Pandya,MI
583,2016,Jitesh Sharma,MI
583,2017,Jitesh Sharma,MI
584,2016,Nathu Singh,MI
584,2017,Nathu Singh,GL
585,2016,Praveen Dubey,RCB
585,2017,Praveen Dubey,RCB
586,2016,Vikas Tokas,RCB
587,2016,Akshay Karnewar,RCB
588,2016,Adam Milne,RCB
588,2017,Adam Milne,RCB
589,2016,Adam Zampa,RPS
589,2017,Adam Zampa,RPS
590,2016,Murugan Ashwin,RPS
590,2017,Murugan Ashwin,DD
590,2018,Murugan Ashwin,RCB
591,2016,Scott Boland,RPS
592,2016,Peter Handscomb,RPS
593,2016,Mustafizur Rahman,SRH
593,2017,Mustafizur Rahman,SRH
593,2018,Mustafizur Rahman,MI
594,2017,Kagiso Rabada,DD
594,2018,Kagiso Rabada,DD
595,2017,Ankit Bawne,DD
596,2017,Navdeep Saini,DD
596,2018,Navdeep Saini,RCB
597,2017,Shashank Singh,DD
598,2017,Jason Roy,GL
598,2018,Jason Roy,DD
599,2017,Chirag Suri,GL
600,2017,Basil Thampi,GL
600,2018,Basil Thampi,SRH
601,2017,Shubham Agarwal,GL
602,2017,Tejas Baroka,GL
603,2017,Pratham Singh,GL
604,2017,Shelley Shaurya,GL
605,2017,Ankit Soni,GL
606,2017,Chris Woakes,KKR
606,2018,Chris Woakes,RCB
607,2017,Rovman Powell,KKR
608,2017,Sayan Ghosh,KKR
608,2018,Sayan Ghosh,DD
609,2017,Ramsingh Sanjay Yadav,KKR
610,2017,Colin de Grandhomme,KKR
610,2018,Colin de Grandhomme,RCB
611,2016,Hashim Amla,KXI
611,2017,Hashim Amla,KXI
612,2016,Martin Guptill,MI
612,2017,Martin Guptill,KXI
613,2017,Rinku Singh,KXI
613,2018,Rinku Singh,KKR
614,2017,T Natarajan,KXI
614,2018,T Natarajan,SRH
615,2017,Nicholas Pooran,MI
616,2017,Asela Gunaratne,MI
617,2017,Krishnappa Gowtham,MI
617,2018,Krishnappa Gowtham,RR
618,2017,Kulwant Khejroliya,MI
618,2018,Kulwant Khejroliya,RCB
619,2017,Avesh Khan,RCB
619,2018,Avesh Khan,DD
620,2016,Tabraiz Shamsi,RCB
620,2017,Tabraiz Shamsi,RCB
621,2017,Tymal Mills,RCB
622,2017,Billy Stanlake,RCB
622,2018,Billy Stanlake,SRH
623,2017,Vishnu Vinod,RCB
624,2016,Usman Khawaja,RPS
624,2017,Usman Khawaja,RPS
625,2017,Ben Stokes,RPS
625,2018,Ben Stokes,RR
626,2017,Rahul Chahar,RPS
626,2018,Rahul Chahar,MI
627,2017,Lockie Ferguson,RPS
628,2017,Saurabh Kumar,RPS
629,2017,Milind Tandon,RPS
630,2017,Rahul Tripathi,RPS
630,2018,Rahul Tripathi,RR
631,2017,Washington Sunder,RPS
631,2018,Washington Sunder,RCB
632,2016,Chris Jordan,RCB
632,2017,Chris Jordan,SRH
632,2018,Chris Jordan,SRH
633,2017,Mohammad Nabi,SRH
633,2018,Mohammad Nabi,SRH
634,2017,Rashid Khan,SRH
634,2018,Rashid Khan,SRH
635,2017,Tanmay Agarwal,SRH
635,2018,Tanmay Agarwal,SRH
637,2018,N Jagadeesan,CSK
638,2018,Mitchell Santner,CSK
639,2018,KM Asif,CSK
640,2018,Lungisani Ngidi,CSK
641,2018,Kanishk Seth,CSK
642,2018,Dhruv Shore,CSK
643,2018,Mark Wood,CSK
644,2018,Kshitiz Sharma,CSK
645,2018,Monu Kumar,CSK
646,2018,Chaitanya Bishnoi,CSK
647,2011,Mohammed Shami,KKR
647,2013,Mohammed Shami,KKR
647,2014,Mohammed Shami,DD
647,2016,Mohammed Shami,DD
647,2017,Mohammed Shami,DD
647,2018,Mohammed Shami,DD
648,2018,Prithvi Shaw,DD
649,2013,Vijay Shankar,CSK
649,2014,Vijay Shankar,CSK
649,2016,Vijay Shankar,SRH
649,2017,Vijay Shankar,SRH
649,2018,Vijay Shankar,DD
650,2018,Manjot Kalra,DD
651,2018,Abhishek Sharma,DD
652,2018,Sandeep Lamichanne,DD
654,2018,Javon Searless,KKR
655,2012,Mitchell Johnson,MI
655,2013,Mitchell Johnson,MI
655,2014,Mitchell Johnson,KXI
655,2015,Mitchell Johnson,KXI
655,2016,Mitchell Johnson,KXI
655,2017,Mitchell Johnson,MI
655,2018,Mitchell Johnson,KKR
656,2018,Cameron Delport,KKR
657,2018,Shivam Ravi,KKR
658,2018,Kamlesh Nagarkoti,KKR
659,2018,Shubham Gill,KKR
661,2014,Mitchell Starc,RCB
661,2015,Mitchell Starc,RCB
661,2018,Mitchell Starc,KKR
662,2018,Manzoor Dar,KXI
663,2018,Mayank Dagar,KXI
664,2016,Pradeep Sahu,KXI
664,2018,Pradeep Sahu,KXI
665,2018,Ben Dwarshuis,KXI
666,2018,Mujeeb Jadran,KXI
668,2013,Lokesh Rahul,RCB
668,2014,Lokesh Rahul,SRH
668,2015,Lokesh Rahul,SRH
668,2016,Lokesh Rahul,RCB
668,2018,Lokesh Rahul,KXI
669,2018,MD Nidheesh,MI
670,2018,Mohsin Khan,MI
671,2018,Anukul Sudhakar Roy,MI
672,2018,Mayank Markande,MI
673,2015,Siddhesh Lad,MI
673,2016,Siddhesh Lad,MI
673,2017,Siddhesh Lad,MI
673,2018,Siddhesh Lad,MI
674,2018,Sharad Lumba,MI
675,2018,TN Dhillon,MI
676,2018,Jason Behrendorff,MI
677,2009,Jean-Paul Duminy,MI
677,2010,Jean-Paul Duminy,MI
677,2011,Jean-Paul Duminy,DC
677,2012,Jean-Paul Duminy,DC
677,2013,Jean-Paul Duminy,SRH
677,2014,Jean-Paul Duminy,DD
677,2015,Jean-Paul Duminy,DD
677,2016,Jean-Paul Duminy,DD
677,2018,Jean-Paul Duminy,MI
678,2018,Evin Lewis,MI
679,2018,Pavan Deshpande,RCB
680,2018,Anirudh Joshi,RCB
681,2017,Mohammed Siraj,SRH
681,2018,Mohammed Siraj,RCB
682,2011,Yuzvendra Chahal,MI
682,2012,Yuzvendra Chahal,MI
682,2013,Yuzvendra Chahal,MI
682,2014,Yuzvendra Chahal,RCB
682,2015,Yuzvendra Chahal,RCB
682,2016,Yuzvendra Chahal,RCB
682,2017,Yuzvendra Chahal,RCB
682,2018,Yuzvendra Chahal,RCB
683,2018,Moeen Ali,RCB
684,2018,Dushmantha Chameera,RR
685,2018,Jatin Saxena,RR
686,2018,Aryaman Birla,RR
687,2018,S Midhun,RR
688,2018,Prashan Chopra,RR
689,2018,Jofra Archer,RR
690,2018,D Arcy Short,RR
691,2009,B Kumar,RCB
691,2010,B Kumar,RCB
691,2011,B Kumar,PW
691,2012,B Kumar,PW
691,2013,B Kumar,PW
691,2014,B Kumar,SRH
691,2015,B Kumar,SRH
691,2016,B Kumar,SRH
691,2017,B Kumar,SRH
691,2018,B Kumar,SRH
692,2018,Mehdi Hasan,SRH
693,2016,K Khaleel Ahmed,DD
693,2017,K Khaleel Ahmed,DD
693,2018,K Khaleel Ahmed,SRH
694,2014,Amit Mishra,RR
694,2016,Amit Mishra,GL
695,2013,Harmeet Singh,RR
696,2018,Zahir Khan,RR
